"Quarter_Year","Category","Count"
"2010 Q1","ALCOHOL & DRUG",578.01
"2010 Q1","DRIVING",323.64
"2010 Q1","DRUG POSSESSION ONLY",334.73
"2010 Q1","MURDER",648.61
"2010 Q1","No Active Offense",5.52
"2010 Q1","OTHER",94.72
"2010 Q1","PERSON",1148.54
"2010 Q1","PROPERTY",1350.17
"2010 Q1","SEX/NON-REGISTERABLE",6.22
"2010 Q1","SEX/REGISTERABLE",1994.67
"2010 Q1","WEAPONS",73.77
"2010 Q2","ALCOHOL & DRUG",578.12
"2010 Q2","DRIVING",332.99
"2010 Q2","DRUG POSSESSION ONLY",318.36
"2010 Q2","MURDER",646.78
"2010 Q2","No Active Offense",6.95
"2010 Q2","OTHER",84.56
"2010 Q2","PERSON",1174.65
"2010 Q2","PROPERTY",1397.2
"2010 Q2","SEX/NON-REGISTERABLE",8.13
"2010 Q2","SEX/REGISTERABLE",2020.02
"2010 Q2","WEAPONS",79.29
"2010 Q3","ALCOHOL & DRUG",589.46
"2010 Q3","DRIVING",340.59
"2010 Q3","DRUG POSSESSION ONLY",314.41
"2010 Q3","MURDER",649.39
"2010 Q3","No Active Offense",6.54
"2010 Q3","OTHER",84.24
"2010 Q3","PERSON",1192.86
"2010 Q3","PROPERTY",1413.36
"2010 Q3","SEX/NON-REGISTERABLE",8.66
"2010 Q3","SEX/REGISTERABLE",2035.53
"2010 Q3","WEAPONS",83.05
"2010 Q4","ALCOHOL & DRUG",596.63
"2010 Q4","DRIVING",351.89
"2010 Q4","DRUG POSSESSION ONLY",293.49
"2010 Q4","MURDER",654.78
"2010 Q4","No Active Offense",8.18
"2010 Q4","OTHER",98
"2010 Q4","PERSON",1214.72
"2010 Q4","PROPERTY",1454.33
"2010 Q4","SEX/NON-REGISTERABLE",9.26
"2010 Q4","SEX/REGISTERABLE",2047.72
"2010 Q4","WEAPONS",84.59
"2011 Q1","ALCOHOL & DRUG",589.2
"2011 Q1","DRIVING",338.52
"2011 Q1","DRUG POSSESSION ONLY",286.49
"2011 Q1","MURDER",659.23
"2011 Q1","No Active Offense",8.77
"2011 Q1","OTHER",99.36
"2011 Q1","PERSON",1221.78
"2011 Q1","PROPERTY",1461.63
"2011 Q1","SEX/NON-REGISTERABLE",9.89
"2011 Q1","SEX/REGISTERABLE",2065.34
"2011 Q1","WEAPONS",83.86
"2011 Q2","ALCOHOL & DRUG",569.08
"2011 Q2","DRIVING",332.33
"2011 Q2","DRUG POSSESSION ONLY",299.58
"2011 Q2","MURDER",661.05
"2011 Q2","No Active Offense",8.1
"2011 Q2","OTHER",100.58
"2011 Q2","PERSON",1232.25
"2011 Q2","PROPERTY",1445.09
"2011 Q2","SEX/NON-REGISTERABLE",8.2
"2011 Q2","SEX/REGISTERABLE",2076.44
"2011 Q2","WEAPONS",81.4
"2011 Q3","ALCOHOL & DRUG",532.95
"2011 Q3","DRIVING",314.02
"2011 Q3","DRUG POSSESSION ONLY",293.91
"2011 Q3","MURDER",667.49
"2011 Q3","No Active Offense",8.68
"2011 Q3","OTHER",96.91
"2011 Q3","PERSON",1227.98
"2011 Q3","PROPERTY",1440.97
"2011 Q3","SEX/NON-REGISTERABLE",7.62
"2011 Q3","SEX/REGISTERABLE",2096.14
"2011 Q3","WEAPONS",79.15
"2011 Q4","ALCOHOL & DRUG",542.02
"2011 Q4","DRIVING",295.05
"2011 Q4","DRUG POSSESSION ONLY",298.77
"2011 Q4","MURDER",676.14
"2011 Q4","No Active Offense",10.08
"2011 Q4","OTHER",96.67
"2011 Q4","PERSON",1241.36
"2011 Q4","PROPERTY",1461.2
"2011 Q4","SEX/NON-REGISTERABLE",6.75
"2011 Q4","SEX/REGISTERABLE",2103.32
"2011 Q4","WEAPONS",80.73
"2012 Q1","ALCOHOL & DRUG",545.56
"2012 Q1","DRIVING",287.02
"2012 Q1","DRUG POSSESSION ONLY",303.26
"2012 Q1","MURDER",677.29
"2012 Q1","No Active Offense",9
"2012 Q1","OTHER",94.79
"2012 Q1","PERSON",1252.65
"2012 Q1","PROPERTY",1487.75
"2012 Q1","SEX/NON-REGISTERABLE",6.34
"2012 Q1","SEX/REGISTERABLE",2114.34
"2012 Q1","WEAPONS",82.04
"2012 Q2","ALCOHOL & DRUG",550
"2012 Q2","DRIVING",291.31
"2012 Q2","DRUG POSSESSION ONLY",307.36
"2012 Q2","MURDER",686.8
"2012 Q2","No Active Offense",9.51
"2012 Q2","OTHER",90.32
"2012 Q2","PERSON",1241.43
"2012 Q2","PROPERTY",1463.98
"2012 Q2","SEX/NON-REGISTERABLE",6
"2012 Q2","SEX/REGISTERABLE",2123.48
"2012 Q2","WEAPONS",82.07
"2012 Q3","ALCOHOL & DRUG",560.36
"2012 Q3","DRIVING",290.42
"2012 Q3","DRUG POSSESSION ONLY",313.35
"2012 Q3","MURDER",687.57
"2012 Q3","No Active Offense",9.5
"2012 Q3","OTHER",88.03
"2012 Q3","PERSON",1241.33
"2012 Q3","PROPERTY",1450.64
"2012 Q3","SEX/NON-REGISTERABLE",6
"2012 Q3","SEX/REGISTERABLE",2134.67
"2012 Q3","WEAPONS",81.21
"2012 Q4","ALCOHOL & DRUG",573.67
"2012 Q4","DRIVING",294.18
"2012 Q4","DRUG POSSESSION ONLY",325.79
"2012 Q4","MURDER",692.53
"2012 Q4","No Active Offense",6.3
"2012 Q4","OTHER",90.64
"2012 Q4","PERSON",1255.92
"2012 Q4","PROPERTY",1456.43
"2012 Q4","SEX/NON-REGISTERABLE",6
"2012 Q4","SEX/REGISTERABLE",2157.54
"2012 Q4","WEAPONS",83.7
"2013 Q1","ALCOHOL & DRUG",571.98
"2013 Q1","DRIVING",276.76
"2013 Q1","DRUG POSSESSION ONLY",335.01
"2013 Q1","MURDER",693.4
"2013 Q1","No Active Offense",6.29
"2013 Q1","OTHER",99.76
"2013 Q1","PERSON",1265.49
"2013 Q1","PROPERTY",1443.9
"2013 Q1","SEX/NON-REGISTERABLE",6
"2013 Q1","SEX/REGISTERABLE",2162.41
"2013 Q1","WEAPONS",79.4
"2013 Q2","ALCOHOL & DRUG",580.84
"2013 Q2","DRIVING",277.97
"2013 Q2","DRUG POSSESSION ONLY",347.9
"2013 Q2","MURDER",693.65
"2013 Q2","No Active Offense",4.11
"2013 Q2","OTHER",111.77
"2013 Q2","PERSON",1291.58
"2013 Q2","PROPERTY",1475.84
"2013 Q2","SEX/NON-REGISTERABLE",6.81
"2013 Q2","SEX/REGISTERABLE",2171.51
"2013 Q2","WEAPONS",82.92
"2013 Q3","ALCOHOL & DRUG",591.22
"2013 Q3","DRIVING",286.95
"2013 Q3","DRUG POSSESSION ONLY",362.54
"2013 Q3","MURDER",697.11
"2013 Q3","No Active Offense",6.02
"2013 Q3","OTHER",106.41
"2013 Q3","PERSON",1295.26
"2013 Q3","PROPERTY",1494.7
"2013 Q3","SEX/NON-REGISTERABLE",7.66
"2013 Q3","SEX/REGISTERABLE",2182.5
"2013 Q3","WEAPONS",90.34
"2013 Q4","ALCOHOL & DRUG",592.86
"2013 Q4","DRIVING",276.83
"2013 Q4","DRUG POSSESSION ONLY",383.96
"2013 Q4","MURDER",694.57
"2013 Q4","No Active Offense",6.53
"2013 Q4","OTHER",94.82
"2013 Q4","PERSON",1295.86
"2013 Q4","PROPERTY",1494.93
"2013 Q4","SEX/NON-REGISTERABLE",9.64
"2013 Q4","SEX/REGISTERABLE",2195.41
"2013 Q4","WEAPONS",86.11
"2014 Q1","ALCOHOL & DRUG",579.82
"2014 Q1","DRIVING",249.53
"2014 Q1","DRUG POSSESSION ONLY",367.7
"2014 Q1","MURDER",699.69
"2014 Q1","No Active Offense",6.56
"2014 Q1","OTHER",92.24
"2014 Q1","PERSON",1291.22
"2014 Q1","PROPERTY",1439.66
"2014 Q1","SEX/NON-REGISTERABLE",10.36
"2014 Q1","SEX/REGISTERABLE",2198.06
"2014 Q1","WEAPONS",88.64
"2014 Q2","ALCOHOL & DRUG",570.38
"2014 Q2","DRIVING",258.09
"2014 Q2","DRUG POSSESSION ONLY",356.97
"2014 Q2","MURDER",712.31
"2014 Q2","No Active Offense",7.41
"2014 Q2","OTHER",94.48
"2014 Q2","PERSON",1276.7
"2014 Q2","PROPERTY",1432.37
"2014 Q2","SEX/NON-REGISTERABLE",10.53
"2014 Q2","SEX/REGISTERABLE",2204.78
"2014 Q2","WEAPONS",96.36
"2014 Q3","ALCOHOL & DRUG",563.65
"2014 Q3","DRIVING",263.53
"2014 Q3","DRUG POSSESSION ONLY",349.9
"2014 Q3","MURDER",711.79
"2014 Q3","No Active Offense",9.46
"2014 Q3","OTHER",96.67
"2014 Q3","PERSON",1256.88
"2014 Q3","PROPERTY",1439.52
"2014 Q3","SEX/NON-REGISTERABLE",11.33
"2014 Q3","SEX/REGISTERABLE",2203.11
"2014 Q3","WEAPONS",87.97
"2014 Q4","ALCOHOL & DRUG",576.68
"2014 Q4","DRIVING",276.03
"2014 Q4","DRUG POSSESSION ONLY",334.23
"2014 Q4","MURDER",721.26
"2014 Q4","No Active Offense",9.45
"2014 Q4","OTHER",106.05
"2014 Q4","PERSON",1250.8
"2014 Q4","PROPERTY",1421.01
"2014 Q4","SEX/NON-REGISTERABLE",12.37
"2014 Q4","SEX/REGISTERABLE",2199.43
"2014 Q4","WEAPONS",90.82
"2015 Q1","ALCOHOL & DRUG",557.18
"2015 Q1","DRIVING",251.92
"2015 Q1","DRUG POSSESSION ONLY",311.49
"2015 Q1","MURDER",724.81
"2015 Q1","No Active Offense",11.09
"2015 Q1","OTHER",109.88
"2015 Q1","PERSON",1223.41
"2015 Q1","PROPERTY",1379.6
"2015 Q1","SEX/NON-REGISTERABLE",12.53
"2015 Q1","SEX/REGISTERABLE",2186.32
"2015 Q1","WEAPONS",82.5
"2015 Q2","ALCOHOL & DRUG",558.8
"2015 Q2","DRIVING",225.67
"2015 Q2","DRUG POSSESSION ONLY",294.59
"2015 Q2","MURDER",735.29
"2015 Q2","No Active Offense",9.81
"2015 Q2","OTHER",113.04
"2015 Q2","PERSON",1217.34
"2015 Q2","PROPERTY",1340.86
"2015 Q2","SEX/NON-REGISTERABLE",14.47
"2015 Q2","SEX/REGISTERABLE",2178.11
"2015 Q2","WEAPONS",78.69
"2015 Q3","ALCOHOL & DRUG",552.12
"2015 Q3","DRIVING",214.03
"2015 Q3","DRUG POSSESSION ONLY",284.89
"2015 Q3","MURDER",749.45
"2015 Q3","No Active Offense",9.26
"2015 Q3","OTHER",115.53
"2015 Q3","PERSON",1216.73
"2015 Q3","PROPERTY",1305.75
"2015 Q3","SEX/NON-REGISTERABLE",16.03
"2015 Q3","SEX/REGISTERABLE",2165.48
"2015 Q3","WEAPONS",80.65
"2015 Q4","ALCOHOL & DRUG",518.09
"2015 Q4","DRIVING",203.8
"2015 Q4","DRUG POSSESSION ONLY",265.12
"2015 Q4","MURDER",749.93
"2015 Q4","No Active Offense",8.78
"2015 Q4","OTHER",103.72
"2015 Q4","PERSON",1202.82
"2015 Q4","PROPERTY",1266.04
"2015 Q4","SEX/NON-REGISTERABLE",17.51
"2015 Q4","SEX/REGISTERABLE",2147.84
"2015 Q4","WEAPONS",87.37
"2016 Q1","ALCOHOL & DRUG",498.07
"2016 Q1","DRIVING",186.42
"2016 Q1","DRUG POSSESSION ONLY",220.46
"2016 Q1","MURDER",755.42
"2016 Q1","No Active Offense",7.71
"2016 Q1","OTHER",97.68
"2016 Q1","PERSON",1193.24
"2016 Q1","PROPERTY",1200.46
"2016 Q1","SEX/NON-REGISTERABLE",17.52
"2016 Q1","SEX/REGISTERABLE",2144.87
"2016 Q1","WEAPONS",88.64
"2016 Q2","ALCOHOL & DRUG",484.75
"2016 Q2","DRIVING",180.29
"2016 Q2","DRUG POSSESSION ONLY",191.58
"2016 Q2","MURDER",744.99
"2016 Q2","No Active Offense",9.33
"2016 Q2","OTHER",91.88
"2016 Q2","PERSON",1202.56
"2016 Q2","PROPERTY",1146.98
"2016 Q2","SEX/NON-REGISTERABLE",17.35
"2016 Q2","SEX/REGISTERABLE",2160.01
"2016 Q2","WEAPONS",95.27
"2016 Q3","ALCOHOL & DRUG",463.27
"2016 Q3","DRIVING",183.53
"2016 Q3","DRUG POSSESSION ONLY",176.22
"2016 Q3","MURDER",746.08
"2016 Q3","No Active Offense",6.68
"2016 Q3","OTHER",83.32
"2016 Q3","PERSON",1224.77
"2016 Q3","PROPERTY",1090.88
"2016 Q3","SEX/NON-REGISTERABLE",18.47
"2016 Q3","SEX/REGISTERABLE",2161.42
"2016 Q3","WEAPONS",86.13
"2016 Q4","ALCOHOL & DRUG",463.8
"2016 Q4","DRIVING",185.97
"2016 Q4","DRUG POSSESSION ONLY",157.82
"2016 Q4","MURDER",756.46
"2016 Q4","No Active Offense",4
"2016 Q4","OTHER",84.76
"2016 Q4","PERSON",1260.16
"2016 Q4","PROPERTY",1026.32
"2016 Q4","SEX/NON-REGISTERABLE",18.16
"2016 Q4","SEX/REGISTERABLE",2174.47
"2016 Q4","WEAPONS",95.52
"2017 Q1","ALCOHOL & DRUG",449.03
"2017 Q1","DRIVING",196.68
"2017 Q1","DRUG POSSESSION ONLY",136.99
"2017 Q1","MURDER",766.29
"2017 Q1","No Active Offense",4
"2017 Q1","OTHER",76.82
"2017 Q1","PERSON",1261.2
"2017 Q1","PROPERTY",1003.39
"2017 Q1","SEX/NON-REGISTERABLE",18.26
"2017 Q1","SEX/REGISTERABLE",2191.47
"2017 Q1","WEAPONS",92.86
"2017 Q2","ALCOHOL & DRUG",476.67
"2017 Q2","DRIVING",199.78
"2017 Q2","DRUG POSSESSION ONLY",137.95
"2017 Q2","MURDER",781.88
"2017 Q2","No Active Offense",4.09
"2017 Q2","OTHER",83.03
"2017 Q2","PERSON",1274.91
"2017 Q2","PROPERTY",1020.52
"2017 Q2","SEX/NON-REGISTERABLE",18.67
"2017 Q2","SEX/REGISTERABLE",2207.43
"2017 Q2","WEAPONS",99.69
"2017 Q3","ALCOHOL & DRUG",482.66
"2017 Q3","DRIVING",175.95
"2017 Q3","DRUG POSSESSION ONLY",136.61
"2017 Q3","MURDER",781.14
"2017 Q3","No Active Offense",3.64
"2017 Q3","OTHER",89.02
"2017 Q3","PERSON",1283.43
"2017 Q3","PROPERTY",1029.48
"2017 Q3","SEX/NON-REGISTERABLE",19.7
"2017 Q3","SEX/REGISTERABLE",2220.41
"2017 Q3","WEAPONS",112.79
"2017 Q4","ALCOHOL & DRUG",486.24
"2017 Q4","DRIVING",170.26
"2017 Q4","DRUG POSSESSION ONLY",138.14
"2017 Q4","MURDER",777.01
"2017 Q4","No Active Offense",1.57
"2017 Q4","OTHER",92.4
"2017 Q4","PERSON",1309.35
"2017 Q4","PROPERTY",1042.64
"2017 Q4","SEX/NON-REGISTERABLE",20.11
"2017 Q4","SEX/REGISTERABLE",2207.08
"2017 Q4","WEAPONS",114.04
"2018 Q1","ALCOHOL & DRUG",500.38
"2018 Q1","DRIVING",175.2
"2018 Q1","DRUG POSSESSION ONLY",153.36
"2018 Q1","MURDER",769.21
"2018 Q1","No Active Offense",1
"2018 Q1","OTHER",88.96
"2018 Q1","PERSON",1316.59
"2018 Q1","PROPERTY",1088.83
"2018 Q1","SEX/NON-REGISTERABLE",20.99
"2018 Q1","SEX/REGISTERABLE",2220.73
"2018 Q1","WEAPONS",113.88
"2018 Q2","ALCOHOL & DRUG",514.24
"2018 Q2","DRIVING",192.15
"2018 Q2","DRUG POSSESSION ONLY",158.53
"2018 Q2","MURDER",773.97
"2018 Q2","No Active Offense",1
"2018 Q2","OTHER",95.85
"2018 Q2","PERSON",1297.53
"2018 Q2","PROPERTY",1098.36
"2018 Q2","SEX/NON-REGISTERABLE",22.1
"2018 Q2","SEX/REGISTERABLE",2208.71
"2018 Q2","WEAPONS",98.32
"2018 Q3","ALCOHOL & DRUG",542.62
"2018 Q3","DRIVING",205.46
"2018 Q3","DRUG POSSESSION ONLY",154.82
"2018 Q3","MURDER",780.87
"2018 Q3","No Active Offense",0.4
"2018 Q3","OTHER",102.26
"2018 Q3","PERSON",1314.67
"2018 Q3","PROPERTY",1136.72
"2018 Q3","SEX/NON-REGISTERABLE",21.71
"2018 Q3","SEX/REGISTERABLE",2201.32
"2018 Q3","WEAPONS",107.77
"2018 Q4","ALCOHOL & DRUG",555.25
"2018 Q4","DRIVING",222.45
"2018 Q4","DRUG POSSESSION ONLY",141.51
"2018 Q4","MURDER",782.21
"2018 Q4","OTHER",112.51
"2018 Q4","PERSON",1318.85
"2018 Q4","PROPERTY",1160.1
"2018 Q4","SEX/NON-REGISTERABLE",23.48
"2018 Q4","SEX/REGISTERABLE",2190.9
"2018 Q4","WEAPONS",115.27
"2019 Q1","ALCOHOL & DRUG",567.82
"2019 Q1","DRIVING",220.49
"2019 Q1","DRUG POSSESSION ONLY",146.18
"2019 Q1","MURDER",777.47
"2019 Q1","OTHER",113.72
"2019 Q1","PERSON",1351.71
"2019 Q1","PROPERTY",1164.91
"2019 Q1","SEX/NON-REGISTERABLE",25.18
"2019 Q1","SEX/REGISTERABLE",2204.28
"2019 Q1","WEAPONS",124.34
"2019 Q2","ALCOHOL & DRUG",565.38
"2019 Q2","DRIVING",212.64
"2019 Q2","DRUG POSSESSION ONLY",138.87
"2019 Q2","MURDER",785.8
"2019 Q2","OTHER",108.23
"2019 Q2","PERSON",1383.77
"2019 Q2","PROPERTY",1199.27
"2019 Q2","SEX/NON-REGISTERABLE",25.41
"2019 Q2","SEX/REGISTERABLE",2220.65
"2019 Q2","WEAPONS",127.76
"2019 Q3","ALCOHOL & DRUG",532.25
"2019 Q3","DRIVING",209.14
"2019 Q3","DRUG POSSESSION ONLY",137.4
"2019 Q3","MURDER",788.18
"2019 Q3","OTHER",110.32
"2019 Q3","PERSON",1409.93
"2019 Q3","PROPERTY",1198.71
"2019 Q3","SEX/NON-REGISTERABLE",25.16
"2019 Q3","SEX/REGISTERABLE",2233.24
"2019 Q3","WEAPONS",137.85
"2019 Q4","ALCOHOL & DRUG",542.26
"2019 Q4","DRIVING",195.43
"2019 Q4","DRUG POSSESSION ONLY",133.42
"2019 Q4","MURDER",790
"2019 Q4","OTHER",122.47
"2019 Q4","PERSON",1421.76
"2019 Q4","PROPERTY",1170.89
"2019 Q4","SEX/NON-REGISTERABLE",24.62
"2019 Q4","SEX/REGISTERABLE",2228.98
"2019 Q4","WEAPONS",136.7
"2020 Q1","ALCOHOL & DRUG",528
"2020 Q1","DRIVING",188.73
"2020 Q1","DRUG POSSESSION ONLY",124.47
"2020 Q1","MURDER",783.99
"2020 Q1","OTHER",124.22
"2020 Q1","PERSON",1387.33
"2020 Q1","PROPERTY",1103.58
"2020 Q1","SEX/NON-REGISTERABLE",21.48
"2020 Q1","SEX/REGISTERABLE",2212.68
"2020 Q1","WEAPONS",145.71
"2020 Q2","ALCOHOL & DRUG",406.79
"2020 Q2","DRIVING",165.19
"2020 Q2","DRUG POSSESSION ONLY",98.51
"2020 Q2","MURDER",776.62
"2020 Q2","No Active Offense",0.37
"2020 Q2","OTHER",117.57
"2020 Q2","PERSON",1265.75
"2020 Q2","PROPERTY",888.51
"2020 Q2","SEX/NON-REGISTERABLE",19.08
"2020 Q2","SEX/REGISTERABLE",2125.01
"2020 Q2","WEAPONS",128.45
"2020 Q3","ALCOHOL & DRUG",369.93
"2020 Q3","DRIVING",147.03
"2020 Q3","DRUG POSSESSION ONLY",80.97
"2020 Q3","MURDER",774.36
"2020 Q3","No Active Offense",0.02
"2020 Q3","OTHER",92.67
"2020 Q3","PERSON",1242.48
"2020 Q3","PROPERTY",772.08
"2020 Q3","SEX/NON-REGISTERABLE",19.91
"2020 Q3","SEX/REGISTERABLE",2069.08
"2020 Q3","WEAPONS",121.37
"2020 Q4","ALCOHOL & DRUG",387.48
"2020 Q4","DRIVING",131.91
"2020 Q4","DRUG POSSESSION ONLY",78.13
"2020 Q4","MURDER",764.77
"2020 Q4","No Active Offense",1.34
"2020 Q4","OTHER",84.99
"2020 Q4","PERSON",1222.33
"2020 Q4","PROPERTY",758.74
"2020 Q4","SEX/NON-REGISTERABLE",17.64
"2020 Q4","SEX/REGISTERABLE",1993.57
"2020 Q4","WEAPONS",114.83
"2021 Q1","ALCOHOL & DRUG",410.02
"2021 Q1","DRIVING",132.99
"2021 Q1","DRUG POSSESSION ONLY",76.87
"2021 Q1","MURDER",752.22
"2021 Q1","No Active Offense",1
"2021 Q1","OTHER",87.51
"2021 Q1","PERSON",1218.29
"2021 Q1","PROPERTY",795.54
"2021 Q1","SEX/NON-REGISTERABLE",18.87
"2021 Q1","SEX/REGISTERABLE",1923.71
"2021 Q1","WEAPONS",114.08
"2021 Q2","ALCOHOL & DRUG",455.14
"2021 Q2","DRIVING",143.68
"2021 Q2","DRUG POSSESSION ONLY",79.21
"2021 Q2","MURDER",741.64
"2021 Q2","No Active Offense",1
"2021 Q2","OTHER",96.42
"2021 Q2","PERSON",1268.08
"2021 Q2","PROPERTY",836.58
"2021 Q2","SEX/NON-REGISTERABLE",22.46
"2021 Q2","SEX/REGISTERABLE",1917.23
"2021 Q2","WEAPONS",123.13
"2021 Q3","ALCOHOL & DRUG",482.57
"2021 Q3","DRIVING",150.83
"2021 Q3","DRUG POSSESSION ONLY",76.98
"2021 Q3","MURDER",741.59
"2021 Q3","No Active Offense",1
"2021 Q3","OTHER",114.2
"2021 Q3","PERSON",1327
"2021 Q3","PROPERTY",878.36
"2021 Q3","SEX/NON-REGISTERABLE",21.08
"2021 Q3","SEX/REGISTERABLE",1938.59
"2021 Q3","WEAPONS",129.07
"2021 Q4","ALCOHOL & DRUG",482.86
"2021 Q4","DRIVING",151.18
"2021 Q4","DRUG POSSESSION ONLY",76.68
"2021 Q4","MURDER",739.5
"2021 Q4","No Active Offense",1
"2021 Q4","OTHER",114.93
"2021 Q4","PERSON",1321
"2021 Q4","PROPERTY",902.2
"2021 Q4","SEX/NON-REGISTERABLE",20.45
"2021 Q4","SEX/REGISTERABLE",1965.96
"2021 Q4","WEAPONS",144.5
"2022 Q1","ALCOHOL & DRUG",472.53
"2022 Q1","DRIVING",153.64
"2022 Q1","DRUG POSSESSION ONLY",80.01
"2022 Q1","MURDER",743.79
"2022 Q1","No Active Offense",1
"2022 Q1","OTHER",98.32
"2022 Q1","PERSON",1325.8
"2022 Q1","PROPERTY",861.74
"2022 Q1","SEX/NON-REGISTERABLE",21.21
"2022 Q1","SEX/REGISTERABLE",1991.32
"2022 Q1","WEAPONS",146.17
"2022 Q2","ALCOHOL & DRUG",457.68
"2022 Q2","DRIVING",157.45
"2022 Q2","DRUG POSSESSION ONLY",93.62
"2022 Q2","MURDER",750.85
"2022 Q2","No Active Offense",1
"2022 Q2","OTHER",101.27
"2022 Q2","PERSON",1322.58
"2022 Q2","PROPERTY",831.25
"2022 Q2","SEX/NON-REGISTERABLE",23.42
"2022 Q2","SEX/REGISTERABLE",1989.12
"2022 Q2","WEAPONS",138.34
"2022 Q3","ALCOHOL & DRUG",457.98
"2022 Q3","DRIVING",172.33
"2022 Q3","DRUG POSSESSION ONLY",84.32
"2022 Q3","MURDER",759.93
"2022 Q3","No Active Offense",1.28
"2022 Q3","OTHER",101.55
"2022 Q3","PERSON",1353.47
"2022 Q3","PROPERTY",826.34
"2022 Q3","SEX/NON-REGISTERABLE",26.46
"2022 Q3","SEX/REGISTERABLE",2003.41
"2022 Q3","WEAPONS",143.03
"2022 Q4","ALCOHOL & DRUG",460.39
"2022 Q4","DRIVING",171.36
"2022 Q4","DRUG POSSESSION ONLY",73.64
"2022 Q4","MURDER",768.84
"2022 Q4","No Active Offense",1
"2022 Q4","OTHER",112.05
"2022 Q4","PERSON",1380.72
"2022 Q4","PROPERTY",818.92
"2022 Q4","SEX/NON-REGISTERABLE",27.64
"2022 Q4","SEX/REGISTERABLE",2021.45
"2022 Q4","WEAPONS",143.74
"2023 Q1","ALCOHOL & DRUG",458.56
"2023 Q1","DRIVING",182.77
"2023 Q1","DRUG POSSESSION ONLY",67.29
"2023 Q1","MURDER",780.28
"2023 Q1","No Active Offense",1.8
"2023 Q1","OTHER",111.46
"2023 Q1","PERSON",1378.87
"2023 Q1","PROPERTY",814.1
"2023 Q1","SEX/NON-REGISTERABLE",27.41
"2023 Q1","SEX/REGISTERABLE",2064.23
"2023 Q1","WEAPONS",155.36
"2023 Q2","ALCOHOL & DRUG",473.38
"2023 Q2","DRIVING",186.85
"2023 Q2","DRUG POSSESSION ONLY",71.47
"2023 Q2","MURDER",783.52
"2023 Q2","No Active Offense",0.88
"2023 Q2","OTHER",103.77
"2023 Q2","PERSON",1379.33
"2023 Q2","PROPERTY",806.49
"2023 Q2","SEX/NON-REGISTERABLE",28.42
"2023 Q2","SEX/REGISTERABLE",2118.6
"2023 Q2","WEAPONS",159.67
"2023 Q3","ALCOHOL & DRUG",492.03
"2023 Q3","DRIVING",190.61
"2023 Q3","DRUG POSSESSION ONLY",67.37
"2023 Q3","MURDER",801.46
"2023 Q3","OTHER",97.92
"2023 Q3","PERSON",1383.45
"2023 Q3","PROPERTY",814.45
"2023 Q3","SEX/NON-REGISTERABLE",27.75
"2023 Q3","SEX/REGISTERABLE",2156.83
"2023 Q3","WEAPONS",153.18
"2023 Q4","ALCOHOL & DRUG",495.1
"2023 Q4","DRIVING",192.73
"2023 Q4","DRUG POSSESSION ONLY",75.03
"2023 Q4","MURDER",821.28
"2023 Q4","No Active Offense",0.82
"2023 Q4","OTHER",111.16
"2023 Q4","PERSON",1434.02
"2023 Q4","PROPERTY",824.22
"2023 Q4","SEX/NON-REGISTERABLE",27.97
"2023 Q4","SEX/REGISTERABLE",2189.43
"2023 Q4","WEAPONS",155.02
"2024 Q1","ALCOHOL & DRUG",486.99
"2024 Q1","DRIVING",201.77
"2024 Q1","DRUG POSSESSION ONLY",91.18
"2024 Q1","MURDER",831.71
"2024 Q1","No Active Offense",1
"2024 Q1","OTHER",116.42
"2024 Q1","PERSON",1447.54
"2024 Q1","PROPERTY",854
"2024 Q1","SEX/NON-REGISTERABLE",29.34
"2024 Q1","SEX/REGISTERABLE",2236.33
"2024 Q1","WEAPONS",173.89
"2024 Q2","ALCOHOL & DRUG",467.97
"2024 Q2","DRIVING",194.46
"2024 Q2","DRUG POSSESSION ONLY",95.65
"2024 Q2","MURDER",841.46
"2024 Q2","No Active Offense",0.09
"2024 Q2","OTHER",120.46
"2024 Q2","PERSON",1418.6
"2024 Q2","PROPERTY",799.66
"2024 Q2","SEX/NON-REGISTERABLE",29.03
"2024 Q2","SEX/REGISTERABLE",2263.01
"2024 Q2","WEAPONS",169.04
"2024 Q3","ALCOHOL & DRUG",463.3
"2024 Q3","DRIVING",193.34
"2024 Q3","DRUG POSSESSION ONLY",93.37
"2024 Q3","MURDER",854.54
"2024 Q3","OTHER",111.8
"2024 Q3","PERSON",1411.29
"2024 Q3","PROPERTY",768.73
"2024 Q3","SEX/NON-REGISTERABLE",26.92
"2024 Q3","SEX/REGISTERABLE",2303.03
"2024 Q3","WEAPONS",158.62
"2024 Q4","ALCOHOL & DRUG",469.98
"2024 Q4","DRIVING",189.35
"2024 Q4","DRUG POSSESSION ONLY",82.01
"2024 Q4","MURDER",859.05
"2024 Q4","OTHER",116.85
"2024 Q4","PERSON",1382.21
"2024 Q4","PROPERTY",759.57
"2024 Q4","SEX/NON-REGISTERABLE",21.43
"2024 Q4","SEX/REGISTERABLE",2320.4
"2024 Q4","WEAPONS",156.33
"2025 Q1","ALCOHOL & DRUG",473.81
"2025 Q1","DRIVING",186.68
"2025 Q1","DRUG POSSESSION ONLY",69.47
"2025 Q1","MURDER",867.26
"2025 Q1","OTHER",124.77
"2025 Q1","PERSON",1359.8
"2025 Q1","PROPERTY",743.34
"2025 Q1","SEX/NON-REGISTERABLE",20.21
"2025 Q1","SEX/REGISTERABLE",2348.57
"2025 Q1","WEAPONS",166.47
"2025 Q2","ALCOHOL & DRUG",472.7
"2025 Q2","DRIVING",183.69
"2025 Q2","DRUG POSSESSION ONLY",64.01
"2025 Q2","MURDER",865.8
"2025 Q2","OTHER",120.84
"2025 Q2","PERSON",1367.04
"2025 Q2","PROPERTY",753.08
"2025 Q2","SEX/NON-REGISTERABLE",21.87
"2025 Q2","SEX/REGISTERABLE",2404.67
"2025 Q2","WEAPONS",181.26
"2025 Q3","ALCOHOL & DRUG",479.83
"2025 Q3","DRIVING",180.89
"2025 Q3","DRUG POSSESSION ONLY",69.27
"2025 Q3","MURDER",869.05
"2025 Q3","OTHER",131.43
"2025 Q3","PERSON",1399.83
"2025 Q3","PROPERTY",754.84
"2025 Q3","SEX/NON-REGISTERABLE",24.33
"2025 Q3","SEX/REGISTERABLE",2486.34
"2025 Q3","WEAPONS",186.61
"2025 Q4","ALCOHOL & DRUG",478.48
"2025 Q4","DRIVING",172.75
"2025 Q4","DRUG POSSESSION ONLY",77.17
"2025 Q4","MURDER",880.5
"2025 Q4","OTHER",142.48
"2025 Q4","PERSON",1413.39
"2025 Q4","PROPERTY",753.72
"2025 Q4","SEX/NON-REGISTERABLE",25.28
"2025 Q4","SEX/REGISTERABLE",2526.84
"2025 Q4","WEAPONS",194.32
"2026 Q1","ALCOHOL & DRUG",467.58
"2026 Q1","DRIVING",165.49
"2026 Q1","DRUG POSSESSION ONLY",72.62
"2026 Q1","MURDER",885.41
"2026 Q1","OTHER",148.72
"2026 Q1","PERSON",1389.26
"2026 Q1","PROPERTY",730.08
"2026 Q1","SEX/NON-REGISTERABLE",23.03
"2026 Q1","SEX/REGISTERABLE",2537.12
"2026 Q1","WEAPONS",201.08
"2026 Q2","ALCOHOL & DRUG",488.05
"2026 Q2","DRIVING",167.38
"2026 Q2","DRUG POSSESSION ONLY",72.35
"2026 Q2","MURDER",882
"2026 Q2","No Active Offense",0.33
"2026 Q2","OTHER",151.16
"2026 Q2","PERSON",1398.64
"2026 Q2","PROPERTY",736.32
"2026 Q2","SEX/NON-REGISTERABLE",23.69
"2026 Q2","SEX/REGISTERABLE",2571.32
"2026 Q2","WEAPONS",189.74
