"quarter","primary_ofnse_degree","admissions","releases","net_admissions"
"2010 Q1","F1",62,57,5
"2010 Q2","F1",58,51,7
"2010 Q3","F1",74,39,35
"2010 Q4","F1",77,57,20
"2011 Q1","F1",77,57,20
"2011 Q2","F1",82,68,14
"2011 Q3","F1",77,54,23
"2011 Q4","F1",67,65,2
"2012 Q1","F1",64,48,16
"2012 Q2","F1",83,45,38
"2012 Q3","F1",61,49,12
"2012 Q4","F1",74,44,30
"2013 Q1","F1",59,55,4
"2013 Q2","F1",55,58,-3
"2013 Q3","F1",55,39,16
"2013 Q4","F1",52,46,6
"2014 Q1","F1",70,51,19
"2014 Q2","F1",59,46,13
"2014 Q3","F1",66,52,14
"2014 Q4","F1",62,52,10
"2015 Q1","F1",63,69,-6
"2015 Q2","F1",68,58,10
"2015 Q3","F1",67,62,5
"2015 Q4","F1",59,57,2
"2016 Q1","F1",70,69,1
"2016 Q2","F1",70,68,2
"2016 Q3","F1",86,56,30
"2016 Q4","F1",65,57,8
"2017 Q1","F1",82,61,21
"2017 Q2","F1",69,65,4
"2017 Q3","F1",70,73,-3
"2017 Q4","F1",73,71,2
"2018 Q1","F1",83,71,12
"2018 Q2","F1",89,67,22
"2018 Q3","F1",74,57,17
"2018 Q4","F1",82,59,23
"2019 Q1","F1",84,59,25
"2019 Q2","F1",93,91,2
"2019 Q3","F1",107,85,22
"2019 Q4","F1",91,70,21
"2020 Q1","F1",77,111,-34
"2020 Q2","F1",59,95,-36
"2020 Q3","F1",63,92,-29
"2020 Q4","F1",49,97,-48
"2021 Q1","F1",77,85,-8
"2021 Q2","F1",99,71,28
"2021 Q3","F1",107,90,17
"2021 Q4","F1",101,85,16
"2022 Q1","F1",110,82,28
"2022 Q2","F1",115,111,4
"2022 Q3","F1",119,82,37
"2022 Q4","F1",120,79,41
"2023 Q1","F1",121,92,29
"2023 Q2","F1",140,90,50
"2023 Q3","F1",141,73,68
"2023 Q4","F1",124,80,44
"2024 Q1","F1",128,99,29
"2024 Q2","F1",106,86,20
"2024 Q3","F1",127,70,57
"2024 Q4","F1",96,98,-2
"2025 Q1","F1",103,82,21
"2025 Q2","F1",131,65,66
"2025 Q3","F1",129,80,49
"2025 Q4","F1",114,84,30
"2026 Q1","F1",93,78,15
"2010 Q1","F2",271,226,45
"2010 Q2","F2",238,202,36
"2010 Q3","F2",257,218,39
"2010 Q4","F2",224,232,-8
"2011 Q1","F2",231,230,1
"2011 Q2","F2",224,196,28
"2011 Q3","F2",225,221,4
"2011 Q4","F2",232,201,31
"2012 Q1","F2",217,203,14
"2012 Q2","F2",214,214,0
"2012 Q3","F2",234,175,59
"2012 Q4","F2",213,209,4
"2013 Q1","F2",237,222,15
"2013 Q2","F2",247,177,70
"2013 Q3","F2",221,209,12
"2013 Q4","F2",180,182,-2
"2014 Q1","F2",230,212,18
"2014 Q2","F2",218,215,3
"2014 Q3","F2",229,239,-10
"2014 Q4","F2",193,160,33
"2015 Q1","F2",217,308,-91
"2015 Q2","F2",213,227,-14
"2015 Q3","F2",222,250,-28
"2015 Q4","F2",211,240,-29
"2016 Q1","F2",313,300,13
"2016 Q2","F2",266,299,-33
"2016 Q3","F2",296,292,4
"2016 Q4","F2",276,290,-14
"2017 Q1","F2",347,303,44
"2017 Q2","F2",316,272,44
"2017 Q3","F2",305,313,-8
"2017 Q4","F2",317,258,59
"2018 Q1","F2",311,322,-11
"2018 Q2","F2",277,316,-39
"2018 Q3","F2",314,258,56
"2018 Q4","F2",315,274,41
"2019 Q1","F2",334,336,-2
"2019 Q2","F2",365,371,-6
"2019 Q3","F2",347,332,15
"2019 Q4","F2",327,369,-42
"2020 Q1","F2",341,453,-112
"2020 Q2","F2",220,454,-234
"2020 Q3","F2",287,251,36
"2020 Q4","F2",262,332,-70
"2021 Q1","F2",350,288,62
"2021 Q2","F2",362,266,96
"2021 Q3","F2",322,291,31
"2021 Q4","F2",356,345,11
"2022 Q1","F2",304,358,-54
"2022 Q2","F2",392,407,-15
"2022 Q3","F2",370,332,38
"2022 Q4","F2",346,308,38
"2023 Q1","F2",370,336,34
"2023 Q2","F2",341,362,-21
"2023 Q3","F2",369,344,25
"2023 Q4","F2",334,282,52
"2024 Q1","F2",316,335,-19
"2024 Q2","F2",273,331,-58
"2024 Q3","F2",311,287,24
"2024 Q4","F2",321,332,-11
"2025 Q1","F2",320,285,35
"2025 Q2","F2",332,264,68
"2025 Q3","F2",310,309,1
"2025 Q4","F2",307,271,36
"2026 Q1","F2",286,287,-1
"2010 Q1","F3",552,537,15
"2010 Q2","F3",481,488,-7
"2010 Q3","F3",550,458,92
"2010 Q4","F3",507,448,59
"2011 Q1","F3",529,532,-3
"2011 Q2","F3",484,548,-64
"2011 Q3","F3",491,493,-2
"2011 Q4","F3",528,454,74
"2012 Q1","F3",465,534,-69
"2012 Q2","F3",491,493,-2
"2012 Q3","F3",504,528,-24
"2012 Q4","F3",509,460,49
"2013 Q1","F3",515,521,-6
"2013 Q2","F3",521,453,68
"2013 Q3","F3",541,482,59
"2013 Q4","F3",402,481,-79
"2014 Q1","F3",425,529,-104
"2014 Q2","F3",457,464,-7
"2014 Q3","F3",472,536,-64
"2014 Q4","F3",432,386,46
"2015 Q1","F3",418,625,-207
"2015 Q2","F3",453,482,-29
"2015 Q3","F3",467,489,-22
"2015 Q4","F3",339,441,-102
"2016 Q1","F3",440,575,-135
"2016 Q2","F3",433,547,-114
"2016 Q3","F3",512,536,-24
"2016 Q4","F3",463,497,-34
"2017 Q1","F3",564,543,21
"2017 Q2","F3",591,597,-6
"2017 Q3","F3",576,538,38
"2017 Q4","F3",551,506,45
"2018 Q1","F3",550,537,13
"2018 Q2","F3",582,520,62
"2018 Q3","F3",560,516,44
"2018 Q4","F3",503,492,11
"2019 Q1","F3",600,526,74
"2019 Q2","F3",580,600,-20
"2019 Q3","F3",605,579,26
"2019 Q4","F3",518,606,-88
"2020 Q1","F3",556,693,-137
"2020 Q2","F3",290,756,-466
"2020 Q3","F3",377,403,-26
"2020 Q4","F3",358,409,-51
"2021 Q1","F3",443,378,65
"2021 Q2","F3",485,378,107
"2021 Q3","F3",455,427,28
"2021 Q4","F3",456,437,19
"2022 Q1","F3",408,441,-33
"2022 Q2","F3",440,508,-68
"2022 Q3","F3",437,377,60
"2022 Q4","F3",435,406,29
"2023 Q1","F3",416,415,1
"2023 Q2","F3",390,429,-39
"2023 Q3","F3",433,329,104
"2023 Q4","F3",417,366,51
"2024 Q1","F3",390,362,28
"2024 Q2","F3",303,397,-94
"2024 Q3","F3",344,334,10
"2024 Q4","F3",325,387,-62
"2025 Q1","F3",309,327,-18
"2025 Q2","F3",291,330,-39
"2025 Q3","F3",381,307,74
"2025 Q4","F3",318,318,0
"2026 Q1","F3",276,312,-36
"2010 Q1","FC",1,2,-1
"2010 Q3","FC",1,1,0
"2010 Q4","FC",0,1,-1
"2011 Q3","FC",1,0,1
"2011 Q4","FC",0,1,-1
"2012 Q3","FC",1,1,0
"2013 Q1","FC",0,1,-1
"2013 Q2","FC",0,2,-2
"2013 Q3","FC",1,0,1
"2014 Q1","FC",1,0,1
"2014 Q2","FC",0,2,-2
"2015 Q2","FC",0,1,-1
"2016 Q2","FC",0,1,-1
"2016 Q3","FC",1,0,1
"2017 Q1","FC",1,0,1
"2017 Q3","FC",0,3,-3
"2017 Q4","FC",0,1,-1
"2018 Q2","FC",0,1,-1
"2018 Q3","FC",0,1,-1
"2018 Q4","FC",0,1,-1
"2019 Q2","FC",1,0,1
"2019 Q3","FC",1,1,0
"2019 Q4","FC",0,2,-2
"2020 Q1","FC",0,3,-3
"2020 Q3","FC",1,4,-3
"2020 Q4","FC",0,1,-1
"2021 Q1","FC",1,0,1
"2021 Q2","FC",0,1,-1
"2021 Q3","FC",0,2,-2
"2021 Q4","FC",0,1,-1
"2022 Q3","FC",0,1,-1
"2022 Q4","FC",1,0,1
"2023 Q1","FC",1,0,1
"2023 Q2","FC",0,1,-1
"2023 Q3","FC",1,0,1
"2023 Q4","FC",1,0,1
"2024 Q1","FC",0,1,-1
"2024 Q2","FC",0,3,-3
"2024 Q3","FC",0,1,-1
"2025 Q1","FC",2,0,2
"2025 Q2","FC",0,1,-1
"2025 Q3","FC",1,2,-1
"2025 Q4","FC",0,1,-1
"2026 Q1","FC",0,1,-1
