"quarter","primary_ofnse_typ","admissions","releases","net_admissions"
"2010 Q1","ALCOHOL & DRUG",29,39,-10
"2010 Q2","ALCOHOL & DRUG",19,26,-7
"2010 Q3","ALCOHOL & DRUG",32,14,18
"2010 Q4","ALCOHOL & DRUG",21,21,0
"2011 Q1","ALCOHOL & DRUG",23,25,-2
"2011 Q2","ALCOHOL & DRUG",23,25,-2
"2011 Q3","ALCOHOL & DRUG",18,27,-9
"2011 Q4","ALCOHOL & DRUG",23,19,4
"2012 Q1","ALCOHOL & DRUG",19,24,-5
"2012 Q2","ALCOHOL & DRUG",18,23,-5
"2012 Q3","ALCOHOL & DRUG",35,19,16
"2012 Q4","ALCOHOL & DRUG",27,29,-2
"2013 Q1","ALCOHOL & DRUG",28,15,13
"2013 Q2","ALCOHOL & DRUG",22,16,6
"2013 Q3","ALCOHOL & DRUG",21,30,-9
"2013 Q4","ALCOHOL & DRUG",16,23,-7
"2014 Q1","ALCOHOL & DRUG",29,18,11
"2014 Q2","ALCOHOL & DRUG",16,27,-11
"2014 Q3","ALCOHOL & DRUG",25,30,-5
"2014 Q4","ALCOHOL & DRUG",26,12,14
"2015 Q1","ALCOHOL & DRUG",20,35,-15
"2015 Q2","ALCOHOL & DRUG",18,19,-1
"2015 Q3","ALCOHOL & DRUG",16,25,-9
"2015 Q4","ALCOHOL & DRUG",14,20,-6
"2016 Q1","ALCOHOL & DRUG",23,24,-1
"2016 Q2","ALCOHOL & DRUG",21,30,-9
"2016 Q3","ALCOHOL & DRUG",26,24,2
"2016 Q4","ALCOHOL & DRUG",28,30,-2
"2017 Q1","ALCOHOL & DRUG",32,24,8
"2017 Q2","ALCOHOL & DRUG",24,25,-1
"2017 Q3","ALCOHOL & DRUG",36,30,6
"2017 Q4","ALCOHOL & DRUG",25,27,-2
"2018 Q1","ALCOHOL & DRUG",27,26,1
"2018 Q2","ALCOHOL & DRUG",41,35,6
"2018 Q3","ALCOHOL & DRUG",26,23,3
"2018 Q4","ALCOHOL & DRUG",29,26,3
"2019 Q1","ALCOHOL & DRUG",32,23,9
"2019 Q2","ALCOHOL & DRUG",25,38,-13
"2019 Q3","ALCOHOL & DRUG",32,38,-6
"2019 Q4","ALCOHOL & DRUG",29,23,6
"2020 Q1","ALCOHOL & DRUG",18,32,-14
"2020 Q2","ALCOHOL & DRUG",4,32,-28
"2020 Q3","ALCOHOL & DRUG",20,10,10
"2020 Q4","ALCOHOL & DRUG",13,20,-7
"2021 Q1","ALCOHOL & DRUG",25,8,17
"2021 Q2","ALCOHOL & DRUG",17,21,-4
"2021 Q3","ALCOHOL & DRUG",23,19,4
"2021 Q4","ALCOHOL & DRUG",14,18,-4
"2022 Q1","ALCOHOL & DRUG",20,19,1
"2022 Q2","ALCOHOL & DRUG",19,26,-7
"2022 Q3","ALCOHOL & DRUG",18,17,1
"2022 Q4","ALCOHOL & DRUG",19,11,8
"2023 Q1","ALCOHOL & DRUG",19,20,-1
"2023 Q2","ALCOHOL & DRUG",23,18,5
"2023 Q3","ALCOHOL & DRUG",25,18,7
"2023 Q4","ALCOHOL & DRUG",11,24,-13
"2024 Q1","ALCOHOL & DRUG",22,17,5
"2024 Q2","ALCOHOL & DRUG",5,22,-17
"2024 Q3","ALCOHOL & DRUG",20,12,8
"2024 Q4","ALCOHOL & DRUG",19,15,4
"2025 Q1","ALCOHOL & DRUG",17,13,4
"2025 Q2","ALCOHOL & DRUG",10,16,-6
"2025 Q3","ALCOHOL & DRUG",20,18,2
"2025 Q4","ALCOHOL & DRUG",14,16,-2
"2026 Q1","ALCOHOL & DRUG",19,11,8
"2010 Q1","DRIVING",9,14,-5
"2010 Q2","DRIVING",3,8,-5
"2010 Q3","DRIVING",11,8,3
"2010 Q4","DRIVING",5,6,-1
"2011 Q1","DRIVING",11,8,3
"2011 Q2","DRIVING",7,11,-4
"2011 Q3","DRIVING",5,6,-1
"2011 Q4","DRIVING",6,6,0
"2012 Q1","DRIVING",7,8,-1
"2012 Q2","DRIVING",9,7,2
"2012 Q3","DRIVING",10,4,6
"2012 Q4","DRIVING",12,5,7
"2013 Q1","DRIVING",4,12,-8
"2013 Q2","DRIVING",11,9,2
"2013 Q3","DRIVING",7,7,0
"2013 Q4","DRIVING",7,10,-3
"2014 Q1","DRIVING",9,12,-3
"2014 Q2","DRIVING",6,8,-2
"2014 Q3","DRIVING",13,4,9
"2014 Q4","DRIVING",6,5,1
"2015 Q1","DRIVING",5,15,-10
"2015 Q2","DRIVING",4,10,-6
"2015 Q3","DRIVING",3,5,-2
"2015 Q4","DRIVING",3,2,1
"2016 Q1","DRIVING",1,8,-7
"2016 Q2","DRIVING",6,5,1
"2016 Q3","DRIVING",6,3,3
"2016 Q4","DRIVING",1,4,-3
"2017 Q1","DRIVING",1,0,1
"2017 Q2","DRIVING",7,4,3
"2017 Q3","DRIVING",4,5,-1
"2017 Q4","DRIVING",8,5,3
"2018 Q1","DRIVING",9,8,1
"2018 Q2","DRIVING",4,3,1
"2018 Q3","DRIVING",5,5,0
"2018 Q4","DRIVING",6,2,4
"2019 Q1","DRIVING",5,6,-1
"2019 Q2","DRIVING",6,0,6
"2019 Q3","DRIVING",3,5,-2
"2019 Q4","DRIVING",8,9,-1
"2020 Q1","DRIVING",2,9,-7
"2020 Q2","DRIVING",6,8,-2
"2020 Q3","DRIVING",4,6,-2
"2020 Q4","DRIVING",7,7,0
"2021 Q1","DRIVING",7,5,2
"2021 Q2","DRIVING",7,3,4
"2021 Q3","DRIVING",6,6,0
"2021 Q4","DRIVING",8,5,3
"2022 Q1","DRIVING",3,10,-7
"2022 Q2","DRIVING",9,8,1
"2022 Q3","DRIVING",12,6,6
"2022 Q4","DRIVING",4,6,-2
"2023 Q1","DRIVING",7,6,1
"2023 Q2","DRIVING",6,5,1
"2023 Q3","DRIVING",8,5,3
"2023 Q4","DRIVING",11,7,4
"2024 Q1","DRIVING",15,7,8
"2024 Q2","DRIVING",1,7,-6
"2024 Q3","DRIVING",8,7,1
"2024 Q4","DRIVING",2,7,-5
"2025 Q1","DRIVING",3,7,-4
"2025 Q2","DRIVING",8,10,-2
"2025 Q3","DRIVING",3,9,-6
"2025 Q4","DRIVING",3,4,-1
"2026 Q1","DRIVING",6,2,4
"2010 Q1","DRUG POSSESSION ONLY",22,30,-8
"2010 Q2","DRUG POSSESSION ONLY",23,25,-2
"2010 Q3","DRUG POSSESSION ONLY",30,29,1
"2010 Q4","DRUG POSSESSION ONLY",20,29,-9
"2011 Q1","DRUG POSSESSION ONLY",28,27,1
"2011 Q2","DRUG POSSESSION ONLY",26,22,4
"2011 Q3","DRUG POSSESSION ONLY",23,25,-2
"2011 Q4","DRUG POSSESSION ONLY",31,23,8
"2012 Q1","DRUG POSSESSION ONLY",18,25,-7
"2012 Q2","DRUG POSSESSION ONLY",26,22,4
"2012 Q3","DRUG POSSESSION ONLY",34,30,4
"2012 Q4","DRUG POSSESSION ONLY",31,17,14
"2013 Q1","DRUG POSSESSION ONLY",29,27,2
"2013 Q2","DRUG POSSESSION ONLY",30,30,0
"2013 Q3","DRUG POSSESSION ONLY",36,31,5
"2013 Q4","DRUG POSSESSION ONLY",21,27,-6
"2014 Q1","DRUG POSSESSION ONLY",19,30,-11
"2014 Q2","DRUG POSSESSION ONLY",25,31,-6
"2014 Q3","DRUG POSSESSION ONLY",31,32,-1
"2014 Q4","DRUG POSSESSION ONLY",14,21,-7
"2015 Q1","DRUG POSSESSION ONLY",22,34,-12
"2015 Q2","DRUG POSSESSION ONLY",24,24,0
"2015 Q3","DRUG POSSESSION ONLY",22,27,-5
"2015 Q4","DRUG POSSESSION ONLY",17,17,0
"2016 Q1","DRUG POSSESSION ONLY",15,23,-8
"2016 Q2","DRUG POSSESSION ONLY",14,21,-7
"2016 Q3","DRUG POSSESSION ONLY",14,22,-8
"2016 Q4","DRUG POSSESSION ONLY",16,18,-2
"2017 Q1","DRUG POSSESSION ONLY",21,13,8
"2017 Q2","DRUG POSSESSION ONLY",15,26,-11
"2017 Q3","DRUG POSSESSION ONLY",22,20,2
"2017 Q4","DRUG POSSESSION ONLY",13,11,2
"2018 Q1","DRUG POSSESSION ONLY",22,14,8
"2018 Q2","DRUG POSSESSION ONLY",24,15,9
"2018 Q3","DRUG POSSESSION ONLY",14,17,-3
"2018 Q4","DRUG POSSESSION ONLY",16,26,-10
"2019 Q1","DRUG POSSESSION ONLY",17,15,2
"2019 Q2","DRUG POSSESSION ONLY",20,20,0
"2019 Q3","DRUG POSSESSION ONLY",21,14,7
"2019 Q4","DRUG POSSESSION ONLY",9,20,-11
"2020 Q1","DRUG POSSESSION ONLY",11,19,-8
"2020 Q2","DRUG POSSESSION ONLY",8,14,-6
"2020 Q3","DRUG POSSESSION ONLY",6,11,-5
"2020 Q4","DRUG POSSESSION ONLY",9,8,1
"2021 Q1","DRUG POSSESSION ONLY",19,10,9
"2021 Q2","DRUG POSSESSION ONLY",13,14,-1
"2021 Q3","DRUG POSSESSION ONLY",11,11,0
"2021 Q4","DRUG POSSESSION ONLY",13,10,3
"2022 Q1","DRUG POSSESSION ONLY",9,9,0
"2022 Q2","DRUG POSSESSION ONLY",23,20,3
"2022 Q3","DRUG POSSESSION ONLY",10,12,-2
"2022 Q4","DRUG POSSESSION ONLY",8,20,-12
"2023 Q1","DRUG POSSESSION ONLY",15,7,8
"2023 Q2","DRUG POSSESSION ONLY",10,13,-3
"2023 Q3","DRUG POSSESSION ONLY",11,9,2
"2023 Q4","DRUG POSSESSION ONLY",13,8,5
"2024 Q1","DRUG POSSESSION ONLY",13,7,6
"2024 Q2","DRUG POSSESSION ONLY",8,16,-8
"2024 Q3","DRUG POSSESSION ONLY",5,5,0
"2024 Q4","DRUG POSSESSION ONLY",8,14,-6
"2025 Q1","DRUG POSSESSION ONLY",7,8,-1
"2025 Q2","DRUG POSSESSION ONLY",8,7,1
"2025 Q3","DRUG POSSESSION ONLY",14,4,10
"2025 Q4","DRUG POSSESSION ONLY",3,11,-8
"2026 Q1","DRUG POSSESSION ONLY",4,6,-2
"2010 Q1","MURDER",1,2,-1
"2010 Q2","MURDER",1,1,0
"2010 Q3","MURDER",3,1,2
"2010 Q4","MURDER",1,1,0
"2011 Q1","MURDER",1,0,1
"2011 Q2","MURDER",2,2,0
"2011 Q3","MURDER",3,3,0
"2011 Q4","MURDER",2,3,-1
"2012 Q1","MURDER",3,3,0
"2012 Q2","MURDER",4,1,3
"2012 Q3","MURDER",2,0,2
"2012 Q4","MURDER",0,3,-3
"2013 Q1","MURDER",3,1,2
"2013 Q3","MURDER",0,1,-1
"2013 Q4","MURDER",3,0,3
"2014 Q1","MURDER",1,1,0
"2014 Q2","MURDER",2,1,1
"2014 Q3","MURDER",5,1,4
"2014 Q4","MURDER",1,1,0
"2015 Q1","MURDER",2,1,1
"2015 Q2","MURDER",2,0,2
"2015 Q3","MURDER",4,2,2
"2015 Q4","MURDER",3,3,0
"2016 Q1","MURDER",0,2,-2
"2016 Q2","MURDER",1,2,-1
"2016 Q3","MURDER",3,0,3
"2016 Q4","MURDER",1,1,0
"2017 Q1","MURDER",2,0,2
"2017 Q2","MURDER",3,0,3
"2017 Q3","MURDER",1,2,-1
"2017 Q4","MURDER",2,3,-1
"2018 Q1","MURDER",1,2,-1
"2018 Q2","MURDER",1,1,0
"2018 Q3","MURDER",1,1,0
"2018 Q4","MURDER",2,1,1
"2019 Q1","MURDER",2,2,0
"2019 Q2","MURDER",3,2,1
"2019 Q3","MURDER",1,3,-2
"2019 Q4","MURDER",3,6,-3
"2020 Q1","MURDER",5,0,5
"2020 Q2","MURDER",3,6,-3
"2020 Q3","MURDER",3,2,1
"2020 Q4","MURDER",4,3,1
"2021 Q1","MURDER",2,6,-4
"2021 Q2","MURDER",5,1,4
"2021 Q3","MURDER",4,1,3
"2021 Q4","MURDER",5,2,3
"2022 Q1","MURDER",3,5,-2
"2022 Q2","MURDER",3,3,0
"2022 Q3","MURDER",4,3,1
"2022 Q4","MURDER",3,3,0
"2023 Q1","MURDER",3,5,-2
"2023 Q2","MURDER",2,3,-1
"2023 Q3","MURDER",5,1,4
"2023 Q4","MURDER",2,3,-1
"2024 Q1","MURDER",2,2,0
"2024 Q2","MURDER",5,1,4
"2024 Q3","MURDER",4,6,-2
"2024 Q4","MURDER",3,3,0
"2025 Q1","MURDER",3,1,2
"2025 Q2","MURDER",1,1,0
"2025 Q3","MURDER",2,0,2
"2025 Q4","MURDER",1,2,-1
"2026 Q1","MURDER",3,2,1
"2010 Q1","OTHER",0,6,-6
"2010 Q2","OTHER",2,8,-6
"2010 Q3","OTHER",5,3,2
"2010 Q4","OTHER",3,0,3
"2011 Q1","OTHER",1,2,-1
"2011 Q2","OTHER",5,3,2
"2011 Q3","OTHER",2,4,-2
"2011 Q4","OTHER",1,2,-1
"2012 Q1","OTHER",3,5,-2
"2012 Q2","OTHER",6,2,4
"2012 Q3","OTHER",1,2,-1
"2012 Q4","OTHER",1,7,-6
"2013 Q1","OTHER",2,1,1
"2013 Q2","OTHER",4,0,4
"2013 Q3","OTHER",0,3,-3
"2013 Q4","OTHER",5,2,3
"2014 Q1","OTHER",3,2,1
"2014 Q2","OTHER",3,1,2
"2014 Q3","OTHER",4,5,-1
"2014 Q4","OTHER",4,2,2
"2015 Q1","OTHER",2,2,0
"2015 Q2","OTHER",6,6,0
"2015 Q3","OTHER",7,4,3
"2015 Q4","OTHER",5,7,-2
"2016 Q1","OTHER",4,6,-2
"2016 Q2","OTHER",3,4,-1
"2016 Q3","OTHER",3,5,-2
"2016 Q4","OTHER",6,9,-3
"2017 Q1","OTHER",10,10,0
"2017 Q2","OTHER",6,3,3
"2017 Q3","OTHER",13,5,8
"2017 Q4","OTHER",5,6,-1
"2018 Q1","OTHER",8,11,-3
"2018 Q2","OTHER",4,5,-1
"2018 Q3","OTHER",7,7,0
"2018 Q4","OTHER",4,5,-1
"2019 Q1","OTHER",11,6,5
"2019 Q2","OTHER",6,7,-1
"2019 Q3","OTHER",4,3,1
"2019 Q4","OTHER",9,8,1
"2020 Q1","OTHER",11,8,3
"2020 Q2","OTHER",8,12,-4
"2020 Q3","OTHER",4,13,-9
"2020 Q4","OTHER",5,6,-1
"2021 Q1","OTHER",6,4,2
"2021 Q2","OTHER",7,2,5
"2021 Q3","OTHER",9,7,2
"2021 Q4","OTHER",9,7,2
"2022 Q1","OTHER",5,8,-3
"2022 Q2","OTHER",8,6,2
"2022 Q3","OTHER",6,8,-2
"2022 Q4","OTHER",6,6,0
"2023 Q1","OTHER",2,7,-5
"2023 Q2","OTHER",3,4,-1
"2023 Q3","OTHER",6,5,1
"2023 Q4","OTHER",4,4,0
"2024 Q1","OTHER",2,2,0
"2024 Q2","OTHER",4,5,-1
"2024 Q3","OTHER",6,3,3
"2024 Q4","OTHER",2,2,0
"2025 Q1","OTHER",4,3,1
"2025 Q2","OTHER",1,2,-1
"2025 Q3","OTHER",1,6,-5
"2025 Q4","OTHER",4,2,2
"2026 Q1","OTHER",2,3,-1
"2010 Q1","PERSON",11,12,-1
"2010 Q2","PERSON",11,4,7
"2010 Q3","PERSON",16,16,0
"2010 Q4","PERSON",13,7,6
"2011 Q1","PERSON",15,15,0
"2011 Q2","PERSON",14,16,-2
"2011 Q3","PERSON",17,15,2
"2011 Q4","PERSON",13,11,2
"2012 Q1","PERSON",16,10,6
"2012 Q2","PERSON",20,10,10
"2012 Q3","PERSON",5,9,-4
"2012 Q4","PERSON",14,14,0
"2013 Q1","PERSON",27,13,14
"2013 Q2","PERSON",16,11,5
"2013 Q3","PERSON",17,16,1
"2013 Q4","PERSON",9,13,-4
"2014 Q1","PERSON",12,15,-3
"2014 Q2","PERSON",6,12,-6
"2014 Q3","PERSON",13,10,3
"2014 Q4","PERSON",13,14,-1
"2015 Q1","PERSON",10,20,-10
"2015 Q2","PERSON",12,16,-4
"2015 Q3","PERSON",10,15,-5
"2015 Q4","PERSON",11,12,-1
"2016 Q1","PERSON",16,16,0
"2016 Q2","PERSON",19,14,5
"2016 Q3","PERSON",16,15,1
"2016 Q4","PERSON",11,13,-2
"2017 Q1","PERSON",19,16,3
"2017 Q2","PERSON",24,26,-2
"2017 Q3","PERSON",16,12,4
"2017 Q4","PERSON",23,22,1
"2018 Q1","PERSON",21,21,0
"2018 Q2","PERSON",26,23,3
"2018 Q3","PERSON",20,17,3
"2018 Q4","PERSON",16,13,3
"2019 Q1","PERSON",31,23,8
"2019 Q2","PERSON",20,20,0
"2019 Q3","PERSON",23,18,5
"2019 Q4","PERSON",16,24,-8
"2020 Q1","PERSON",18,24,-6
"2020 Q2","PERSON",13,36,-23
"2020 Q3","PERSON",17,16,1
"2020 Q4","PERSON",21,15,6
"2021 Q1","PERSON",20,17,3
"2021 Q2","PERSON",23,13,10
"2021 Q3","PERSON",23,26,-3
"2021 Q4","PERSON",23,23,0
"2022 Q1","PERSON",23,23,0
"2022 Q2","PERSON",28,23,5
"2022 Q3","PERSON",25,24,1
"2022 Q4","PERSON",22,20,2
"2023 Q1","PERSON",22,19,3
"2023 Q2","PERSON",21,21,0
"2023 Q3","PERSON",26,19,7
"2023 Q4","PERSON",20,23,-3
"2024 Q1","PERSON",20,24,-4
"2024 Q2","PERSON",9,17,-8
"2024 Q3","PERSON",16,17,-1
"2024 Q4","PERSON",16,26,-10
"2025 Q1","PERSON",25,21,4
"2025 Q2","PERSON",13,14,-1
"2025 Q3","PERSON",23,20,3
"2025 Q4","PERSON",17,16,1
"2026 Q1","PERSON",16,19,-3
"2010 Q1","PROPERTY",54,59,-5
"2010 Q2","PROPERTY",61,56,5
"2010 Q3","PROPERTY",70,50,20
"2010 Q4","PROPERTY",61,37,24
"2011 Q1","PROPERTY",52,65,-13
"2011 Q2","PROPERTY",38,61,-23
"2011 Q3","PROPERTY",58,52,6
"2011 Q4","PROPERTY",67,38,29
"2012 Q1","PROPERTY",46,54,-8
"2012 Q2","PROPERTY",43,52,-9
"2012 Q3","PROPERTY",55,67,-12
"2012 Q4","PROPERTY",57,52,5
"2013 Q1","PROPERTY",60,45,15
"2013 Q2","PROPERTY",45,46,-1
"2013 Q3","PROPERTY",58,60,-2
"2013 Q4","PROPERTY",43,56,-13
"2014 Q1","PROPERTY",45,55,-10
"2014 Q2","PROPERTY",56,50,6
"2014 Q3","PROPERTY",55,62,-7
"2014 Q4","PROPERTY",52,39,13
"2015 Q1","PROPERTY",48,66,-18
"2015 Q2","PROPERTY",35,51,-16
"2015 Q3","PROPERTY",49,50,-1
"2015 Q4","PROPERTY",22,47,-25
"2016 Q1","PROPERTY",53,57,-4
"2016 Q2","PROPERTY",38,72,-34
"2016 Q3","PROPERTY",43,52,-9
"2016 Q4","PROPERTY",35,49,-14
"2017 Q1","PROPERTY",66,53,13
"2017 Q2","PROPERTY",59,45,14
"2017 Q3","PROPERTY",60,54,6
"2017 Q4","PROPERTY",64,44,20
"2018 Q1","PROPERTY",55,45,10
"2018 Q2","PROPERTY",75,52,23
"2018 Q3","PROPERTY",52,45,7
"2018 Q4","PROPERTY",67,62,5
"2019 Q1","PROPERTY",61,67,-6
"2019 Q2","PROPERTY",74,62,12
"2019 Q3","PROPERTY",76,62,14
"2019 Q4","PROPERTY",60,66,-6
"2020 Q1","PROPERTY",43,79,-36
"2020 Q2","PROPERTY",20,89,-69
"2020 Q3","PROPERTY",34,41,-7
"2020 Q4","PROPERTY",39,30,9
"2021 Q1","PROPERTY",52,28,24
"2021 Q2","PROPERTY",55,49,6
"2021 Q3","PROPERTY",51,36,15
"2021 Q4","PROPERTY",47,44,3
"2022 Q1","PROPERTY",35,65,-30
"2022 Q2","PROPERTY",49,51,-2
"2022 Q3","PROPERTY",42,38,4
"2022 Q4","PROPERTY",42,39,3
"2023 Q1","PROPERTY",45,43,2
"2023 Q2","PROPERTY",36,42,-6
"2023 Q3","PROPERTY",43,32,11
"2023 Q4","PROPERTY",39,45,-6
"2024 Q1","PROPERTY",41,33,8
"2024 Q2","PROPERTY",22,42,-20
"2024 Q3","PROPERTY",29,34,-5
"2024 Q4","PROPERTY",43,34,9
"2025 Q1","PROPERTY",36,36,0
"2025 Q2","PROPERTY",31,26,5
"2025 Q3","PROPERTY",29,39,-10
"2025 Q4","PROPERTY",22,28,-6
"2026 Q1","PROPERTY",29,24,5
"2010 Q1","SEX/REGISTERABLE",2,0,2
"2010 Q2","SEX/REGISTERABLE",3,2,1
"2010 Q3","SEX/REGISTERABLE",4,4,0
"2010 Q4","SEX/REGISTERABLE",4,2,2
"2011 Q1","SEX/REGISTERABLE",5,0,5
"2011 Q2","SEX/REGISTERABLE",4,0,4
"2011 Q3","SEX/REGISTERABLE",2,1,1
"2011 Q4","SEX/REGISTERABLE",1,3,-2
"2012 Q1","SEX/REGISTERABLE",7,0,7
"2012 Q2","SEX/REGISTERABLE",1,4,-3
"2012 Q3","SEX/REGISTERABLE",2,1,1
"2012 Q4","SEX/REGISTERABLE",4,2,2
"2013 Q1","SEX/REGISTERABLE",3,3,0
"2013 Q2","SEX/REGISTERABLE",3,4,-1
"2013 Q3","SEX/REGISTERABLE",6,1,5
"2013 Q4","SEX/REGISTERABLE",1,2,-1
"2014 Q1","SEX/REGISTERABLE",3,0,3
"2014 Q2","SEX/REGISTERABLE",4,1,3
"2014 Q3","SEX/REGISTERABLE",5,1,4
"2014 Q4","SEX/REGISTERABLE",1,4,-3
"2015 Q1","SEX/REGISTERABLE",2,4,-2
"2015 Q2","SEX/REGISTERABLE",1,2,-1
"2015 Q3","SEX/REGISTERABLE",3,2,1
"2015 Q4","SEX/REGISTERABLE",2,4,-2
"2016 Q1","SEX/REGISTERABLE",0,1,-1
"2016 Q2","SEX/REGISTERABLE",0,3,-3
"2016 Q3","SEX/REGISTERABLE",3,1,2
"2016 Q4","SEX/REGISTERABLE",2,1,1
"2017 Q1","SEX/REGISTERABLE",2,1,1
"2017 Q2","SEX/REGISTERABLE",2,3,-1
"2017 Q3","SEX/REGISTERABLE",3,4,-1
"2017 Q4","SEX/REGISTERABLE",0,3,-3
"2018 Q1","SEX/REGISTERABLE",1,1,0
"2018 Q2","SEX/REGISTERABLE",4,2,2
"2018 Q3","SEX/REGISTERABLE",1,2,-1
"2018 Q4","SEX/REGISTERABLE",5,2,3
"2019 Q1","SEX/REGISTERABLE",3,3,0
"2019 Q2","SEX/REGISTERABLE",0,2,-2
"2019 Q3","SEX/REGISTERABLE",1,5,-4
"2019 Q4","SEX/REGISTERABLE",2,2,0
"2020 Q1","SEX/REGISTERABLE",1,3,-2
"2020 Q2","SEX/REGISTERABLE",3,1,2
"2020 Q3","SEX/REGISTERABLE",0,6,-6
"2020 Q4","SEX/REGISTERABLE",2,3,-1
"2021 Q1","SEX/REGISTERABLE",2,4,-2
"2021 Q2","SEX/REGISTERABLE",3,4,-1
"2021 Q3","SEX/REGISTERABLE",5,1,4
"2021 Q4","SEX/REGISTERABLE",1,3,-2
"2022 Q1","SEX/REGISTERABLE",3,3,0
"2022 Q2","SEX/REGISTERABLE",2,4,-2
"2022 Q3","SEX/REGISTERABLE",1,3,-2
"2022 Q4","SEX/REGISTERABLE",2,4,-2
"2023 Q1","SEX/REGISTERABLE",5,3,2
"2023 Q2","SEX/REGISTERABLE",6,1,5
"2023 Q3","SEX/REGISTERABLE",1,5,-4
"2023 Q4","SEX/REGISTERABLE",7,1,6
"2024 Q1","SEX/REGISTERABLE",5,5,0
"2024 Q2","SEX/REGISTERABLE",5,3,2
"2024 Q3","SEX/REGISTERABLE",2,6,-4
"2024 Q4","SEX/REGISTERABLE",6,4,2
"2025 Q1","SEX/REGISTERABLE",4,1,3
"2025 Q2","SEX/REGISTERABLE",6,6,0
"2025 Q3","SEX/REGISTERABLE",3,1,2
"2025 Q4","SEX/REGISTERABLE",6,3,3
"2026 Q1","SEX/REGISTERABLE",2,1,1
"2010 Q3","WEAPONS",2,0,2
"2011 Q1","WEAPONS",0,1,-1
"2011 Q2","WEAPONS",0,1,-1
"2012 Q1","WEAPONS",1,0,1
"2012 Q4","WEAPONS",1,0,1
"2013 Q2","WEAPONS",0,1,-1
"2013 Q3","WEAPONS",1,0,1
"2014 Q1","WEAPONS",0,1,-1
"2014 Q3","WEAPONS",2,0,2
"2014 Q4","WEAPONS",2,0,2
"2015 Q1","WEAPONS",0,2,-2
"2015 Q2","WEAPONS",2,1,1
"2015 Q3","WEAPONS",0,2,-2
"2015 Q4","WEAPONS",1,0,1
"2016 Q1","WEAPONS",1,3,-2
"2016 Q2","WEAPONS",1,0,1
"2016 Q3","WEAPONS",0,1,-1
"2016 Q4","WEAPONS",1,1,0
"2017 Q1","WEAPONS",3,1,2
"2017 Q2","WEAPONS",1,3,-2
"2017 Q3","WEAPONS",1,1,0
"2017 Q4","WEAPONS",1,0,1
"2018 Q1","WEAPONS",1,1,0
"2018 Q2","WEAPONS",3,1,2
"2018 Q3","WEAPONS",1,1,0
"2018 Q4","WEAPONS",3,0,3
"2019 Q1","WEAPONS",1,1,0
"2019 Q2","WEAPONS",1,0,1
"2019 Q3","WEAPONS",2,4,-2
"2019 Q4","WEAPONS",0,1,-1
"2020 Q1","WEAPONS",2,2,0
"2020 Q2","WEAPONS",1,3,-2
"2020 Q4","WEAPONS",1,1,0
"2021 Q1","WEAPONS",2,1,1
"2021 Q2","WEAPONS",2,1,1
"2021 Q3","WEAPONS",0,3,-3
"2021 Q4","WEAPONS",2,0,2
"2022 Q2","WEAPONS",0,3,-3
"2022 Q3","WEAPONS",2,2,0
"2022 Q4","WEAPONS",2,0,2
"2023 Q1","WEAPONS",1,0,1
"2023 Q2","WEAPONS",3,2,1
"2023 Q3","WEAPONS",1,1,0
"2023 Q4","WEAPONS",0,2,-2
"2024 Q1","WEAPONS",1,0,1
"2024 Q2","WEAPONS",0,1,-1
"2024 Q3","WEAPONS",1,3,-2
"2024 Q4","WEAPONS",1,0,1
"2025 Q1","WEAPONS",1,1,0
"2025 Q2","WEAPONS",3,0,3
"2025 Q3","WEAPONS",4,2,2
"2025 Q4","WEAPONS",2,0,2
"2026 Q1","WEAPONS",1,2,-1
