date,quarter_label,year,quarter,series,kind,actual,central,low,high
2010-01-01,2010 Q1,2010,1,Female,actual,563.2,563.2,563.2,563.2
2010-04-01,2010 Q2,2010,2,Female,actual,542.4,542.4,542.4,542.4
2010-07-01,2010 Q3,2010,3,Female,actual,569.5,569.5,569.5,569.5
2010-10-01,2010 Q4,2010,4,Female,actual,593.4,593.4,593.4,593.4
2011-01-01,2011 Q1,2011,1,Female,actual,600.6,600.6,600.6,600.6
2011-04-01,2011 Q2,2011,2,Female,actual,591.9,591.9,591.9,591.9
2011-07-01,2011 Q3,2011,3,Female,actual,568.9,568.9,568.9,568.9
2011-10-01,2011 Q4,2011,4,Female,actual,578.4,578.4,578.4,578.4
2012-01-01,2012 Q1,2012,1,Female,actual,607.6,607.6,607.6,607.6
2012-04-01,2012 Q2,2012,2,Female,actual,605.4,605.4,605.4,605.4
2012-07-01,2012 Q3,2012,3,Female,actual,617.6,617.6,617.6,617.6
2012-10-01,2012 Q4,2012,4,Female,actual,635,635,635,635
2013-01-01,2013 Q1,2013,1,Female,actual,648.7,648.7,648.7,648.7
2013-04-01,2013 Q2,2013,2,Female,actual,682.5,682.5,682.5,682.5
2013-07-01,2013 Q3,2013,3,Female,actual,669.9,669.9,669.9,669.9
2013-10-01,2013 Q4,2013,4,Female,actual,676.8,676.8,676.8,676.8
2014-01-01,2014 Q1,2014,1,Female,actual,647,647,647,647
2014-04-01,2014 Q2,2014,2,Female,actual,636.9,636.9,636.9,636.9
2014-07-01,2014 Q3,2014,3,Female,actual,631.3,631.3,631.3,631.3
2014-10-01,2014 Q4,2014,4,Female,actual,644.1,644.1,644.1,644.1
2015-01-01,2015 Q1,2015,1,Female,actual,622,622,622,622
2015-04-01,2015 Q2,2015,2,Female,actual,578.2,578.2,578.2,578.2
2015-07-01,2015 Q3,2015,3,Female,actual,562.8,562.8,562.8,562.8
2015-10-01,2015 Q4,2015,4,Female,actual,530.3,530.3,530.3,530.3
2016-01-01,2016 Q1,2016,1,Female,actual,493.1,493.1,493.1,493.1
2016-04-01,2016 Q2,2016,2,Female,actual,470.7,470.7,470.7,470.7
2016-07-01,2016 Q3,2016,3,Female,actual,432.4,432.4,432.4,432.4
2016-10-01,2016 Q4,2016,4,Female,actual,421.1,421.1,421.1,421.1
2017-01-01,2017 Q1,2017,1,Female,actual,416.1,416.1,416.1,416.1
2017-04-01,2017 Q2,2017,2,Female,actual,443.4,443.4,443.4,443.4
2017-07-01,2017 Q3,2017,3,Female,actual,468.9,468.9,468.9,468.9
2017-10-01,2017 Q4,2017,4,Female,actual,472,472,472,472
2018-01-01,2018 Q1,2018,1,Female,actual,492.1,492.1,492.1,492.1
2018-04-01,2018 Q2,2018,2,Female,actual,540.7,540.7,540.7,540.7
2018-07-01,2018 Q3,2018,3,Female,actual,556.6,556.6,556.6,556.6
2018-10-01,2018 Q4,2018,4,Female,actual,571.5,571.5,571.5,571.5
2019-01-01,2019 Q1,2019,1,Female,actual,580.9,580.9,580.9,580.9
2019-04-01,2019 Q2,2019,2,Female,actual,593.6,593.6,593.6,593.6
2019-07-01,2019 Q3,2019,3,Female,actual,599.7,599.7,599.7,599.7
2019-10-01,2019 Q4,2019,4,Female,actual,591,591,591,591
2020-01-01,2020 Q1,2020,1,Female,actual,558.8,558.8,558.8,558.8
2020-04-01,2020 Q2,2020,2,Female,actual,444.8,444.8,444.8,444.8
2020-07-01,2020 Q3,2020,3,Female,actual,376.1,376.1,376.1,376.1
2020-10-01,2020 Q4,2020,4,Female,actual,368.4,368.4,368.4,368.4
2021-01-01,2021 Q1,2021,1,Female,actual,394.6,394.6,394.6,394.6
2021-04-01,2021 Q2,2021,2,Female,actual,442,442,442,442
2021-07-01,2021 Q3,2021,3,Female,actual,461.3,461.3,461.3,461.3
2021-10-01,2021 Q4,2021,4,Female,actual,481.7,481.7,481.7,481.7
2022-01-01,2022 Q1,2022,1,Female,actual,458.2,458.2,458.2,458.2
2022-04-01,2022 Q2,2022,2,Female,actual,446.8,446.8,446.8,446.8
2022-07-01,2022 Q3,2022,3,Female,actual,451.4,451.4,451.4,451.4
2022-10-01,2022 Q4,2022,4,Female,actual,442.4,442.4,442.4,442.4
2023-01-01,2023 Q1,2023,1,Female,actual,445.5,445.5,445.5,445.5
2023-04-01,2023 Q2,2023,2,Female,actual,462.8,462.8,462.8,462.8
2023-07-01,2023 Q3,2023,3,Female,actual,466.1,466.1,466.1,466.1
2023-10-01,2023 Q4,2023,4,Female,actual,472.9,472.9,472.9,472.9
2024-01-01,2024 Q1,2024,1,Female,actual,492.3,492.3,492.3,492.3
2024-04-01,2024 Q2,2024,2,Female,actual,469.3,469.3,469.3,469.3
2024-07-01,2024 Q3,2024,3,Female,actual,441.4,441.4,441.4,441.4
2024-10-01,2024 Q4,2024,4,Female,actual,440.2,440.2,440.2,440.2
2025-01-01,2025 Q1,2025,1,Female,actual,443.4,443.4,443.4,443.4
2025-04-01,2025 Q2,2025,2,Female,actual,449.7,449.7,449.7,449.7
2025-07-01,2025 Q3,2025,3,Female,actual,454.1,454.1,454.1,454.1
2025-10-01,2025 Q4,2025,4,Female,actual,447.6,447.6,447.6,447.6
2026-01-01,2026 Q1,2026,1,Female,actual,442.2,442.2,442.2,442.2
2026-04-01,2026 Q2,2026,2,Female,actual,462.3,462.3,462.3,462.3
2026-07-01,2026 Q3,2026,3,Female,forecast,NA,461.2,460.8,461.4
2026-10-01,2026 Q4,2026,4,Female,forecast,NA,462.5,462.1,462.8
2027-01-01,2027 Q1,2027,1,Female,forecast,NA,463.8,463.4,464.1
2027-04-01,2027 Q2,2027,2,Female,forecast,NA,465.1,464.6,465.4
2027-07-01,2027 Q3,2027,3,Female,forecast,NA,466.4,465.9,466.7
2027-10-01,2027 Q4,2027,4,Female,forecast,NA,467.6,467.2,468
2028-01-01,2028 Q1,2028,1,Female,forecast,NA,468.9,468.5,469.2
2028-04-01,2028 Q2,2028,2,Female,forecast,NA,470.2,469.7,470.5
2028-07-01,2028 Q3,2028,3,Female,forecast,NA,471.5,471,471.8
2028-10-01,2028 Q4,2028,4,Female,forecast,NA,472.7,472.2,473
2029-01-01,2029 Q1,2029,1,Female,forecast,NA,474,473.5,474.3
2029-04-01,2029 Q2,2029,2,Female,forecast,NA,475.2,474.7,475.5
2029-07-01,2029 Q3,2029,3,Female,forecast,NA,476.5,476,476.8
2029-10-01,2029 Q4,2029,4,Female,forecast,NA,477.7,477.2,478
2030-01-01,2030 Q1,2030,1,Female,forecast,NA,478.9,478.5,479.2
2030-04-01,2030 Q2,2030,2,Female,forecast,NA,480.2,479.7,480.5
2030-07-01,2030 Q3,2030,3,Female,forecast,NA,481.4,480.9,481.7
2030-10-01,2030 Q4,2030,4,Female,forecast,NA,482.6,482.2,482.9
2031-01-01,2031 Q1,2031,1,Female,forecast,NA,483.8,483.4,484.1
2031-04-01,2031 Q2,2031,2,Female,forecast,NA,485,484.6,485.2
2010-01-01,2010 Q1,2010,1,Male,actual,5995.4,5995.4,5995.4,5995.4
2010-04-01,2010 Q2,2010,2,Male,actual,6104.7,6104.7,6104.7,6104.7
2010-07-01,2010 Q3,2010,3,Male,actual,6148.6,6148.6,6148.6,6148.6
2010-10-01,2010 Q4,2010,4,Male,actual,6220.2,6220.2,6220.2,6220.2
2011-01-01,2011 Q1,2011,1,Male,actual,6223.5,6223.5,6223.5,6223.5
2011-04-01,2011 Q2,2011,2,Male,actual,6222.2,6222.2,6222.2,6222.2
2011-07-01,2011 Q3,2011,3,Male,actual,6197,6197,6197,6197
2011-10-01,2011 Q4,2011,4,Male,actual,6233.7,6233.7,6233.7,6233.7
2012-01-01,2012 Q1,2012,1,Male,actual,6252.4,6252.4,6252.4,6252.4
2012-04-01,2012 Q2,2012,2,Male,actual,6246.9,6246.9,6246.9,6246.9
2012-07-01,2012 Q3,2012,3,Male,actual,6245.5,6245.5,6245.5,6245.5
2012-10-01,2012 Q4,2012,4,Male,actual,6307.7,6307.7,6307.7,6307.7
2013-01-01,2013 Q1,2013,1,Male,actual,6291.7,6291.7,6291.7,6291.7
2013-04-01,2013 Q2,2013,2,Male,actual,6362.4,6362.4,6362.4,6362.4
2013-07-01,2013 Q3,2013,3,Male,actual,6450.9,6450.9,6450.9,6450.9
2013-10-01,2013 Q4,2013,4,Male,actual,6454.7,6454.7,6454.7,6454.7
2014-01-01,2014 Q1,2014,1,Male,actual,6376.5,6376.5,6376.5,6376.5
2014-04-01,2014 Q2,2014,2,Male,actual,6383.5,6383.5,6383.5,6383.5
2014-07-01,2014 Q3,2014,3,Male,actual,6362.5,6362.5,6362.5,6362.5
2014-10-01,2014 Q4,2014,4,Male,actual,6354,6354,6354,6354
2015-01-01,2015 Q1,2015,1,Male,actual,6228.7,6228.7,6228.7,6228.7
2015-04-01,2015 Q2,2015,2,Male,actual,6188.5,6188.5,6188.5,6188.5
2015-07-01,2015 Q3,2015,3,Male,actual,6147.1,6147.1,6147.1,6147.1
2015-10-01,2015 Q4,2015,4,Male,actual,6040.7,6040.7,6040.7,6040.7
2016-01-01,2016 Q1,2016,1,Male,actual,5917.4,5917.4,5917.4,5917.4
2016-04-01,2016 Q2,2016,2,Male,actual,5854.3,5854.3,5854.3,5854.3
2016-07-01,2016 Q3,2016,3,Male,actual,5808.4,5808.4,5808.4,5808.4
2016-10-01,2016 Q4,2016,4,Male,actual,5806.4,5806.4,5806.4,5806.4
2017-01-01,2017 Q1,2017,1,Male,actual,5780.8,5780.8,5780.8,5780.8
2017-04-01,2017 Q2,2017,2,Male,actual,5861.3,5861.3,5861.3,5861.3
2017-07-01,2017 Q3,2017,3,Male,actual,5866,5866,5866,5866
2017-10-01,2017 Q4,2017,4,Male,actual,5886.8,5886.8,5886.8,5886.8
2018-01-01,2018 Q1,2018,1,Male,actual,5957.1,5957.1,5957.1,5957.1
2018-04-01,2018 Q2,2018,2,Male,actual,5920.1,5920.1,5920.1,5920.1
2018-07-01,2018 Q3,2018,3,Male,actual,6012,6012,6012,6012
2018-10-01,2018 Q4,2018,4,Male,actual,6051,6051,6051,6051
2019-01-01,2019 Q1,2019,1,Male,actual,6115.2,6115.2,6115.2,6115.2
2019-04-01,2019 Q2,2019,2,Male,actual,6174.2,6174.2,6174.2,6174.2
2019-07-01,2019 Q3,2019,3,Male,actual,6182.5,6182.5,6182.5,6182.5
2019-10-01,2019 Q4,2019,4,Male,actual,6175.6,6175.6,6175.6,6175.6
2020-01-01,2020 Q1,2020,1,Male,actual,6061.4,6061.4,6061.4,6061.4
2020-04-01,2020 Q2,2020,2,Male,actual,5547,5547,5547,5547
2020-07-01,2020 Q3,2020,3,Male,actual,5313.8,5313.8,5313.8,5313.8
2020-10-01,2020 Q4,2020,4,Male,actual,5187.3,5187.3,5187.3,5187.3
2021-01-01,2021 Q1,2021,1,Male,actual,5136.5,5136.5,5136.5,5136.5
2021-04-01,2021 Q2,2021,2,Male,actual,5242.6,5242.6,5242.6,5242.6
2021-07-01,2021 Q3,2021,3,Male,actual,5400,5400,5400,5400
2021-10-01,2021 Q4,2021,4,Male,actual,5438.6,5438.6,5438.6,5438.6
2022-01-01,2022 Q1,2022,1,Male,actual,5437.4,5437.4,5437.4,5437.4
2022-04-01,2022 Q2,2022,2,Male,actual,5419.8,5419.8,5419.8,5419.8
2022-07-01,2022 Q3,2022,3,Male,actual,5478.7,5478.7,5478.7,5478.7
2022-10-01,2022 Q4,2022,4,Male,actual,5537.3,5537.3,5537.3,5537.3
2023-01-01,2023 Q1,2023,1,Male,actual,5596.6,5596.6,5596.6,5596.6
2023-04-01,2023 Q2,2023,2,Male,actual,5649.6,5649.6,5649.6,5649.6
2023-07-01,2023 Q3,2023,3,Male,actual,5718.9,5718.9,5718.9,5718.9
2023-10-01,2023 Q4,2023,4,Male,actual,5853.9,5853.9,5853.9,5853.9
2024-01-01,2024 Q1,2024,1,Male,actual,5977.9,5977.9,5977.9,5977.9
2024-04-01,2024 Q2,2024,2,Male,actual,5930.2,5930.2,5930.2,5930.2
2024-07-01,2024 Q3,2024,3,Male,actual,5943.5,5943.5,5943.5,5943.5
2024-10-01,2024 Q4,2024,4,Male,actual,5916.9,5916.9,5916.9,5916.9
2025-01-01,2025 Q1,2025,1,Male,actual,5917,5917,5917,5917
2025-04-01,2025 Q2,2025,2,Male,actual,5985.3,5985.3,5985.3,5985.3
2025-07-01,2025 Q3,2025,3,Male,actual,6128.3,6128.3,6128.3,6128.3
2025-10-01,2025 Q4,2025,4,Male,actual,6217.4,6217.4,6217.4,6217.4
2026-01-01,2026 Q1,2026,1,Male,actual,6178.2,6178.2,6178.2,6178.2
2026-04-01,2026 Q2,2026,2,Male,actual,6218.7,6218.7,6218.7,6218.7
2026-07-01,2026 Q3,2026,3,Male,forecast,NA,6247.6,6240.5,6258.3
2026-10-01,2026 Q4,2026,4,Male,forecast,NA,6283.4,6272.2,6300.2
2027-01-01,2027 Q1,2027,1,Male,forecast,NA,6319.3,6304.1,6342.1
2027-04-01,2027 Q2,2027,2,Male,forecast,NA,6355.2,6336,6384
2027-07-01,2027 Q3,2027,3,Male,forecast,NA,6391.2,6368,6426
2027-10-01,2027 Q4,2027,4,Male,forecast,NA,6427.2,6400,6468
2028-01-01,2028 Q1,2028,1,Male,forecast,NA,6463.3,6432.2,6510.1
2028-04-01,2028 Q2,2028,2,Male,forecast,NA,6499.5,6464.4,6552.2
2028-07-01,2028 Q3,2028,3,Male,forecast,NA,6535.7,6496.7,6594.3
2028-10-01,2028 Q4,2028,4,Male,forecast,NA,6572,6529,6636.5
2029-01-01,2029 Q1,2029,1,Male,forecast,NA,6608.3,6561.4,6678.7
2029-04-01,2029 Q2,2029,2,Male,forecast,NA,6644.7,6593.9,6720.9
2029-07-01,2029 Q3,2029,3,Male,forecast,NA,6681.2,6626.5,6763.2
2029-10-01,2029 Q4,2029,4,Male,forecast,NA,6717.7,6659.2,6805.5
2030-01-01,2030 Q1,2030,1,Male,forecast,NA,6754.3,6691.9,6847.8
2030-04-01,2030 Q2,2030,2,Male,forecast,NA,6790.9,6724.7,6890.2
2030-07-01,2030 Q3,2030,3,Male,forecast,NA,6827.6,6757.6,6932.7
2030-10-01,2030 Q4,2030,4,Male,forecast,NA,6864.4,6790.5,6975.1
2031-01-01,2031 Q1,2031,1,Male,forecast,NA,6901.2,6823.6,7017.6
2031-04-01,2031 Q2,2031,2,Male,forecast,NA,6938.1,6856.7,7060.2
2010-01-01,2010 Q1,2010,1,Total,actual,6558.6,6558.6,6558.6,6558.6
2010-04-01,2010 Q2,2010,2,Total,actual,6647,6647,6647,6647
2010-07-01,2010 Q3,2010,3,Total,actual,6718.1,6718.1,6718.1,6718.1
2010-10-01,2010 Q4,2010,4,Total,actual,6813.6,6813.6,6813.6,6813.6
2011-01-01,2011 Q1,2011,1,Total,actual,6824.1,6824.1,6824.1,6824.1
2011-04-01,2011 Q2,2011,2,Total,actual,6814.1,6814.1,6814.1,6814.1
2011-07-01,2011 Q3,2011,3,Total,actual,6765.8,6765.8,6765.8,6765.8
2011-10-01,2011 Q4,2011,4,Total,actual,6812.1,6812.1,6812.1,6812.1
2012-01-01,2012 Q1,2012,1,Total,actual,6860,6860,6860,6860
2012-04-01,2012 Q2,2012,2,Total,actual,6852.2,6852.2,6852.2,6852.2
2012-07-01,2012 Q3,2012,3,Total,actual,6863.1,6863.1,6863.1,6863.1
2012-10-01,2012 Q4,2012,4,Total,actual,6942.7,6942.7,6942.7,6942.7
2013-01-01,2013 Q1,2013,1,Total,actual,6940.4,6940.4,6940.4,6940.4
2013-04-01,2013 Q2,2013,2,Total,actual,7044.9,7044.9,7044.9,7044.9
2013-07-01,2013 Q3,2013,3,Total,actual,7120.7,7120.7,7120.7,7120.7
2013-10-01,2013 Q4,2013,4,Total,actual,7131.5,7131.5,7131.5,7131.5
2014-01-01,2014 Q1,2014,1,Total,actual,7023.5,7023.5,7023.5,7023.5
2014-04-01,2014 Q2,2014,2,Total,actual,7020.4,7020.4,7020.4,7020.4
2014-07-01,2014 Q3,2014,3,Total,actual,6993.8,6993.8,6993.8,6993.8
2014-10-01,2014 Q4,2014,4,Total,actual,6998.1,6998.1,6998.1,6998.1
2015-01-01,2015 Q1,2015,1,Total,actual,6850.7,6850.7,6850.7,6850.7
2015-04-01,2015 Q2,2015,2,Total,actual,6766.7,6766.7,6766.7,6766.7
2015-07-01,2015 Q3,2015,3,Total,actual,6709.9,6709.9,6709.9,6709.9
2015-10-01,2015 Q4,2015,4,Total,actual,6571,6571,6571,6571
2016-01-01,2016 Q1,2016,1,Total,actual,6410.5,6410.5,6410.5,6410.5
2016-04-01,2016 Q2,2016,2,Total,actual,6325,6325,6325,6325
2016-07-01,2016 Q3,2016,3,Total,actual,6240.8,6240.8,6240.8,6240.8
2016-10-01,2016 Q4,2016,4,Total,actual,6227.4,6227.4,6227.4,6227.4
2017-01-01,2017 Q1,2017,1,Total,actual,6197,6197,6197,6197
2017-04-01,2017 Q2,2017,2,Total,actual,6304.6,6304.6,6304.6,6304.6
2017-07-01,2017 Q3,2017,3,Total,actual,6334.8,6334.8,6334.8,6334.8
2017-10-01,2017 Q4,2017,4,Total,actual,6358.8,6358.8,6358.8,6358.8
2018-01-01,2018 Q1,2018,1,Total,actual,6449.1,6449.1,6449.1,6449.1
2018-04-01,2018 Q2,2018,2,Total,actual,6460.8,6460.8,6460.8,6460.8
2018-07-01,2018 Q3,2018,3,Total,actual,6568.6,6568.6,6568.6,6568.6
2018-10-01,2018 Q4,2018,4,Total,actual,6622.5,6622.5,6622.5,6622.5
2019-01-01,2019 Q1,2019,1,Total,actual,6696.1,6696.1,6696.1,6696.1
2019-04-01,2019 Q2,2019,2,Total,actual,6767.8,6767.8,6767.8,6767.8
2019-07-01,2019 Q3,2019,3,Total,actual,6782.2,6782.2,6782.2,6782.2
2019-10-01,2019 Q4,2019,4,Total,actual,6766.5,6766.5,6766.5,6766.5
2020-01-01,2020 Q1,2020,1,Total,actual,6620.2,6620.2,6620.2,6620.2
2020-04-01,2020 Q2,2020,2,Total,actual,5991.8,5991.8,5991.8,5991.8
2020-07-01,2020 Q3,2020,3,Total,actual,5689.9,5689.9,5689.9,5689.9
2020-10-01,2020 Q4,2020,4,Total,actual,5555.7,5555.7,5555.7,5555.7
2021-01-01,2021 Q1,2021,1,Total,actual,5531.1,5531.1,5531.1,5531.1
2021-04-01,2021 Q2,2021,2,Total,actual,5684.6,5684.6,5684.6,5684.6
2021-07-01,2021 Q3,2021,3,Total,actual,5861.2,5861.2,5861.2,5861.2
2021-10-01,2021 Q4,2021,4,Total,actual,5920.3,5920.3,5920.3,5920.3
2022-01-01,2022 Q1,2022,1,Total,actual,5895.6,5895.6,5895.6,5895.6
2022-04-01,2022 Q2,2022,2,Total,actual,5866.6,5866.6,5866.6,5866.6
2022-07-01,2022 Q3,2022,3,Total,actual,5930.1,5930.1,5930.1,5930.1
2022-10-01,2022 Q4,2022,4,Total,actual,5979.8,5979.8,5979.8,5979.8
2023-01-01,2023 Q1,2023,1,Total,actual,6042.1,6042.1,6042.1,6042.1
2023-04-01,2023 Q2,2023,2,Total,actual,6112.4,6112.4,6112.4,6112.4
2023-07-01,2023 Q3,2023,3,Total,actual,6185,6185,6185,6185
2023-10-01,2023 Q4,2023,4,Total,actual,6326.8,6326.8,6326.8,6326.8
2024-01-01,2024 Q1,2024,1,Total,actual,6470.2,6470.2,6470.2,6470.2
2024-04-01,2024 Q2,2024,2,Total,actual,6399.4,6399.4,6399.4,6399.4
2024-07-01,2024 Q3,2024,3,Total,actual,6385,6385,6385,6385
2024-10-01,2024 Q4,2024,4,Total,actual,6357.2,6357.2,6357.2,6357.2
2025-01-01,2025 Q1,2025,1,Total,actual,6360.4,6360.4,6360.4,6360.4
2025-04-01,2025 Q2,2025,2,Total,actual,6435,6435,6435,6435
2025-07-01,2025 Q3,2025,3,Total,actual,6582.4,6582.4,6582.4,6582.4
2025-10-01,2025 Q4,2025,4,Total,actual,6664.9,6664.9,6664.9,6664.9
2026-01-01,2026 Q1,2026,1,Total,actual,6620.4,6620.4,6620.4,6620.4
2026-04-01,2026 Q2,2026,2,Total,actual,6681,6681,6681,6681
2026-07-01,2026 Q3,2026,3,Total,forecast,NA,6708.8,6701.9,6719.1
2026-10-01,2026 Q4,2026,4,Total,forecast,NA,6745.9,6735,6762.3
2027-01-01,2027 Q1,2027,1,Total,forecast,NA,6783.1,6768.2,6805.4
2027-04-01,2027 Q2,2027,2,Total,forecast,NA,6820.3,6801.4,6848.7
2027-07-01,2027 Q3,2027,3,Total,forecast,NA,6857.6,6834.6,6891.9
2027-10-01,2027 Q4,2027,4,Total,forecast,NA,6894.9,6868,6935.2
2028-01-01,2028 Q1,2028,1,Total,forecast,NA,6932.3,6901.4,6978.5
2028-04-01,2028 Q2,2028,2,Total,forecast,NA,6969.7,6934.9,7021.9
2028-07-01,2028 Q3,2028,3,Total,forecast,NA,7007.2,6968.4,7065.3
2028-10-01,2028 Q4,2028,4,Total,forecast,NA,7044.7,7002.1,7108.7
2029-01-01,2029 Q1,2029,1,Total,forecast,NA,7082.3,7035.7,7152.2
2029-04-01,2029 Q2,2029,2,Total,forecast,NA,7119.9,7069.5,7195.6
2029-07-01,2029 Q3,2029,3,Total,forecast,NA,7157.6,7103.3,7239.2
2029-10-01,2029 Q4,2029,4,Total,forecast,NA,7195.4,7137.2,7282.7
2030-01-01,2030 Q1,2030,1,Total,forecast,NA,7233.2,7171.1,7326.3
2030-04-01,2030 Q2,2030,2,Total,forecast,NA,7271.1,7205.2,7369.9
2030-07-01,2030 Q3,2030,3,Total,forecast,NA,7309,7239.2,7413.6
2030-10-01,2030 Q4,2030,4,Total,forecast,NA,7347,7273.4,7457.3
2031-01-01,2031 Q1,2031,1,Total,forecast,NA,7385,7307.6,7501
2031-04-01,2031 Q2,2031,2,Total,forecast,NA,7423.1,7341.9,7544.8
